"","Day","Nearest Expiry Day"
"1","2001-01-01","2001-01-25"
"2","2001-01-02","2001-01-25"
"3","2001-01-03","2001-01-25"
"4","2001-01-04","2001-01-25"
"5","2001-01-05","2001-01-25"
"6","2001-01-08","2001-01-25"
"7","2001-01-09","2001-01-25"
"8","2001-01-10","2001-01-25"
"9","2001-01-11","2001-01-25"
"10","2001-01-12","2001-01-25"
"11","2001-01-15","2001-01-25"
"12","2001-01-16","2001-01-25"
"13","2001-01-17","2001-01-25"
"14","2001-01-18","2001-01-25"
"15","2001-01-19","2001-01-25"
"16","2001-01-22","2001-01-25"
"17","2001-01-23","2001-01-25"
"18","2001-01-24","2001-01-25"
"19","2001-01-25","2001-01-25"
"20","2001-01-29","2001-02-22"
"21","2001-01-30","2001-02-22"
"22","2001-01-31","2001-02-22"
"23","2001-02-01","2001-02-22"
"24","2001-02-02","2001-02-22"
"25","2001-02-05","2001-02-22"
"26","2001-02-06","2001-02-22"
"27","2001-02-07","2001-02-22"
"28","2001-02-08","2001-02-22"
"29","2001-02-09","2001-02-22"
"30","2001-02-12","2001-02-22"
"31","2001-02-13","2001-02-22"
"32","2001-02-14","2001-02-22"
"33","2001-02-15","2001-02-22"
"34","2001-02-16","2001-02-22"
"35","2001-02-19","2001-02-22"
"36","2001-02-20","2001-02-22"
"37","2001-02-21","2001-02-22"
"38","2001-02-22","2001-02-22"
"39","2001-02-23","2001-03-29"
"40","2001-02-26","2001-03-29"
"41","2001-02-27","2001-03-29"
"42","2001-02-28","2001-03-29"
"43","2001-03-01","2001-03-29"
"44","2001-03-02","2001-03-29"
"45","2001-03-05","2001-03-29"
"46","2001-03-07","2001-03-29"
"47","2001-03-08","2001-03-29"
"48","2001-03-09","2001-03-29"
"49","2001-03-12","2001-03-29"
"50","2001-03-13","2001-03-29"
"51","2001-03-14","2001-03-29"
"52","2001-03-15","2001-03-29"
"53","2001-03-16","2001-03-29"
"54","2001-03-19","2001-03-29"
"55","2001-03-20","2001-03-29"
"56","2001-03-21","2001-03-29"
"57","2001-03-22","2001-03-29"
"58","2001-03-23","2001-03-29"
"59","2001-03-26","2001-03-29"
"60","2001-03-27","2001-03-29"
"61","2001-03-28","2001-03-29"
"62","2001-03-29","2001-03-29"
"63","2001-03-30","2001-04-26"
"64","2001-04-02","2001-04-26"
"65","2001-04-03","2001-04-26"
"66","2001-04-04","2001-04-26"
"67","2001-04-06","2001-04-26"
"68","2001-04-09","2001-04-26"
"69","2001-04-10","2001-04-26"
"70","2001-04-11","2001-04-26"
"71","2001-04-12","2001-04-26"
"72","2001-04-16","2001-04-26"
"73","2001-04-17","2001-04-26"
"74","2001-04-18","2001-04-26"
"75","2001-04-19","2001-04-26"
"76","2001-04-20","2001-04-26"
"77","2001-04-23","2001-04-26"
"78","2001-04-24","2001-04-26"
"79","2001-04-25","2001-04-26"
"80","2001-04-26","2001-04-26"
"81","2001-04-27","2001-05-31"
"82","2001-04-30","2001-05-31"
"83","2001-05-02","2001-05-31"
"84","2001-05-03","2001-05-31"
"85","2001-05-04","2001-05-31"
"86","2001-05-07","2001-05-31"
"87","2001-05-08","2001-05-31"
"88","2001-05-09","2001-05-31"
"89","2001-05-10","2001-05-31"
"90","2001-05-11","2001-05-31"
"91","2001-05-14","2001-05-31"
"92","2001-05-15","2001-05-31"
"93","2001-05-16","2001-05-31"
"94","2001-05-17","2001-05-31"
"95","2001-05-18","2001-05-31"
"96","2001-05-21","2001-05-31"
"97","2001-05-22","2001-05-31"
"98","2001-05-23","2001-05-31"
"99","2001-05-24","2001-05-31"
"100","2001-05-25","2001-05-31"
"101","2001-05-28","2001-05-31"
"102","2001-05-29","2001-05-31"
"103","2001-05-30","2001-05-31"
"104","2001-05-31","2001-05-31"
"105","2001-06-01","2001-06-28"
"106","2001-06-04","2001-06-28"
"107","2001-06-05","2001-06-28"
"108","2001-06-06","2001-06-28"
"109","2001-06-07","2001-06-28"
"110","2001-06-08","2001-06-28"
"111","2001-06-11","2001-06-28"
"112","2001-06-12","2001-06-28"
"113","2001-06-13","2001-06-28"
"114","2001-06-14","2001-06-28"
"115","2001-06-15","2001-06-28"
"116","2001-06-18","2001-06-28"
"117","2001-06-19","2001-06-28"
"118","2001-06-20","2001-06-28"
"119","2001-06-21","2001-06-28"
"120","2001-06-22","2001-06-28"
"121","2001-06-25","2001-06-28"
"122","2001-06-26","2001-06-28"
"123","2001-06-27","2001-06-28"
"124","2001-06-28","2001-06-28"
"125","2001-06-29","2001-07-26"
"126","2001-07-02","2001-07-26"
"127","2001-07-03","2001-07-26"
"128","2001-07-04","2001-07-26"
"129","2001-07-05","2001-07-26"
"130","2001-07-06","2001-07-26"
"131","2001-07-09","2001-07-26"
"132","2001-07-10","2001-07-26"
"133","2001-07-11","2001-07-26"
"134","2001-07-12","2001-07-26"
"135","2001-07-13","2001-07-26"
"136","2001-07-16","2001-07-26"
"137","2001-07-17","2001-07-26"
"138","2001-07-18","2001-07-26"
"139","2001-07-19","2001-07-26"
"140","2001-07-20","2001-07-26"
"141","2001-07-23","2001-07-26"
"142","2001-07-24","2001-07-26"
"143","2001-07-25","2001-07-26"
"144","2001-07-26","2001-07-26"
"145","2001-07-27","2001-08-30"
"146","2001-07-30","2001-08-30"
"147","2001-07-31","2001-08-30"
"148","2001-08-01","2001-08-30"
"149","2001-08-02","2001-08-30"
"150","2001-08-03","2001-08-30"
"151","2001-08-06","2001-08-30"
"152","2001-08-07","2001-08-30"
"153","2001-08-08","2001-08-30"
"154","2001-08-09","2001-08-30"
"155","2001-08-10","2001-08-30"
"156","2001-08-13","2001-08-30"
"157","2001-08-14","2001-08-30"
"158","2001-08-16","2001-08-30"
"159","2001-08-17","2001-08-30"
"160","2001-08-20","2001-08-30"
"161","2001-08-21","2001-08-30"
"162","2001-08-23","2001-08-30"
"163","2001-08-24","2001-08-30"
"164","2001-08-27","2001-08-30"
"165","2001-08-28","2001-08-30"
"166","2001-08-29","2001-08-30"
"167","2001-08-30","2001-08-30"
"168","2001-08-31","2001-09-27"
"169","2001-09-03","2001-09-27"
"170","2001-09-04","2001-09-27"
"171","2001-09-05","2001-09-27"
"172","2001-09-06","2001-09-27"
"173","2001-09-07","2001-09-27"
"174","2001-09-10","2001-09-27"
"175","2001-09-11","2001-09-27"
"176","2001-09-12","2001-09-27"
"177","2001-09-13","2001-09-27"
"178","2001-09-14","2001-09-27"
"179","2001-09-17","2001-09-27"
"180","2001-09-18","2001-09-27"
"181","2001-09-19","2001-09-27"
"182","2001-09-20","2001-09-27"
"183","2001-09-21","2001-09-27"
"184","2001-09-24","2001-09-27"
"185","2001-09-25","2001-09-27"
"186","2001-09-26","2001-09-27"
"187","2001-09-27","2001-09-27"
"188","2001-09-28","2001-10-25"
"189","2001-10-01","2001-10-25"
"190","2001-10-03","2001-10-25"
"191","2001-10-04","2001-10-25"
"192","2001-10-05","2001-10-25"
"193","2001-10-08","2001-10-25"
"194","2001-10-09","2001-10-25"
"195","2001-10-10","2001-10-25"
"196","2001-10-11","2001-10-25"
"197","2001-10-12","2001-10-25"
"198","2001-10-15","2001-10-25"
"199","2001-10-16","2001-10-25"
"200","2001-10-17","2001-10-25"
"201","2001-10-18","2001-10-25"
"202","2001-10-19","2001-10-25"
"203","2001-10-22","2001-10-25"
"204","2001-10-23","2001-10-25"
"205","2001-10-24","2001-10-25"
"206","2001-10-25","2001-10-25"
"207","2001-10-29","2001-11-29"
"208","2001-10-30","2001-11-29"
"209","2001-10-31","2001-11-29"
"210","2001-11-01","2001-11-29"
"211","2001-11-02","2001-11-29"
"212","2001-11-05","2001-11-29"
"213","2001-11-06","2001-11-29"
"214","2001-11-07","2001-11-29"
"215","2001-11-08","2001-11-29"
"216","2001-11-09","2001-11-29"
"217","2001-11-12","2001-11-29"
"218","2001-11-13","2001-11-29"
"219","2001-11-15","2001-11-29"
"220","2001-11-19","2001-11-29"
"221","2001-11-20","2001-11-29"
"222","2001-11-21","2001-11-29"
"223","2001-11-22","2001-11-29"
"224","2001-11-23","2001-11-29"
"225","2001-11-26","2001-11-29"
"226","2001-11-27","2001-11-29"
"227","2001-11-28","2001-11-29"
"228","2001-11-29","2001-11-29"
"229","2001-12-03","2001-12-27"
"230","2001-12-04","2001-12-27"
"231","2001-12-05","2001-12-27"
"232","2001-12-06","2001-12-27"
"233","2001-12-07","2001-12-27"
"234","2001-12-10","2001-12-27"
"235","2001-12-11","2001-12-27"
"236","2001-12-12","2001-12-27"
"237","2001-12-13","2001-12-27"
"238","2001-12-14","2001-12-27"
"239","2001-12-18","2001-12-27"
"240","2001-12-19","2001-12-27"
"241","2001-12-20","2001-12-27"
"242","2001-12-21","2001-12-27"
"243","2001-12-24","2001-12-27"
"244","2001-12-26","2001-12-27"
"245","2001-12-27","2001-12-27"
"246","2001-12-28","2002-01-31"
"247","2001-12-31","2002-01-31"
"248","2002-01-01","2002-01-31"
"249","2002-01-02","2002-01-31"
"250","2002-01-03","2002-01-31"
"251","2002-01-04","2002-01-31"
"252","2002-01-07","2002-01-31"
"253","2002-01-08","2002-01-31"
"254","2002-01-09","2002-01-31"
"255","2002-01-10","2002-01-31"
"256","2002-01-11","2002-01-31"
"257","2002-01-14","2002-01-31"
"258","2002-01-15","2002-01-31"
"259","2002-01-16","2002-01-31"
"260","2002-01-17","2002-01-31"
"261","2002-01-18","2002-01-31"
"262","2002-01-21","2002-01-31"
"263","2002-01-22","2002-01-31"
"264","2002-01-23","2002-01-31"
"265","2002-01-24","2002-01-31"
"266","2002-01-25","2002-01-31"
"267","2002-01-28","2002-01-31"
"268","2002-01-29","2002-01-31"
"269","2002-01-30","2002-01-31"
"270","2002-01-31","2002-01-31"
"271","2002-02-01","2002-02-28"
"272","2002-02-04","2002-02-28"
"273","2002-02-05","2002-02-28"
"274","2002-02-06","2002-02-28"
"275","2002-02-07","2002-02-28"
"276","2002-02-08","2002-02-28"
"277","2002-02-11","2002-02-28"
"278","2002-02-12","2002-02-28"
"279","2002-02-13","2002-02-28"
"280","2002-02-14","2002-02-28"
"281","2002-02-15","2002-02-28"
"282","2002-02-18","2002-02-28"
"283","2002-02-19","2002-02-28"
"284","2002-02-20","2002-02-28"
"285","2002-02-21","2002-02-28"
"286","2002-02-22","2002-02-28"
"287","2002-02-25","2002-02-28"
"288","2002-02-26","2002-02-28"
"289","2002-02-27","2002-02-28"
"290","2002-02-28","2002-02-28"
"291","2002-03-01","2002-03-28"
"292","2002-03-04","2002-03-28"
"293","2002-03-05","2002-03-28"
"294","2002-03-06","2002-03-28"
"295","2002-03-07","2002-03-28"
"296","2002-03-08","2002-03-28"
"297","2002-03-11","2002-03-28"
"298","2002-03-12","2002-03-28"
"299","2002-03-13","2002-03-28"
"300","2002-03-14","2002-03-28"
"301","2002-03-15","2002-03-28"
"302","2002-03-18","2002-03-28"
"303","2002-03-19","2002-03-28"
"304","2002-03-20","2002-03-28"
"305","2002-03-21","2002-03-28"
"306","2002-03-22","2002-03-28"
"307","2002-03-26","2002-03-28"
"308","2002-03-27","2002-03-28"
"309","2002-03-28","2002-03-28"
"310","2002-04-01","2002-04-25"
"311","2002-04-02","2002-04-25"
"312","2002-04-03","2002-04-25"
"313","2002-04-04","2002-04-25"
"314","2002-04-05","2002-04-25"
"315","2002-04-08","2002-04-25"
"316","2002-04-09","2002-04-25"
"317","2002-04-10","2002-04-25"
"318","2002-04-11","2002-04-25"
"319","2002-04-12","2002-04-25"
"320","2002-04-15","2002-04-25"
"321","2002-04-16","2002-04-25"
"322","2002-04-17","2002-04-25"
"323","2002-04-18","2002-04-25"
"324","2002-04-19","2002-04-25"
"325","2002-04-22","2002-04-25"
"326","2002-04-23","2002-04-25"
"327","2002-04-24","2002-04-25"
"328","2002-04-25","2002-04-25"
"329","2002-04-26","2002-05-30"
"330","2002-04-29","2002-05-30"
"331","2002-04-30","2002-05-30"
"332","2002-05-02","2002-05-30"
"333","2002-05-03","2002-05-30"
"334","2002-05-06","2002-05-30"
"335","2002-05-07","2002-05-30"
"336","2002-05-08","2002-05-30"
"337","2002-05-09","2002-05-30"
"338","2002-05-10","2002-05-30"
"339","2002-05-13","2002-05-30"
"340","2002-05-14","2002-05-30"
"341","2002-05-15","2002-05-30"
"342","2002-05-16","2002-05-30"
"343","2002-05-17","2002-05-30"
"344","2002-05-20","2002-05-30"
"345","2002-05-21","2002-05-30"
"346","2002-05-22","2002-05-30"
"347","2002-05-23","2002-05-30"
"348","2002-05-24","2002-05-30"
"349","2002-05-27","2002-05-30"
"350","2002-05-28","2002-05-30"
"351","2002-05-29","2002-05-30"
"352","2002-05-30","2002-05-30"
"353","2002-05-31","2002-06-27"
"354","2002-06-03","2002-06-27"
"355","2002-06-04","2002-06-27"
"356","2002-06-05","2002-06-27"
"357","2002-06-06","2002-06-27"
"358","2002-06-07","2002-06-27"
"359","2002-06-10","2002-06-27"
"360","2002-06-11","2002-06-27"
"361","2002-06-12","2002-06-27"
"362","2002-06-13","2002-06-27"
"363","2002-06-14","2002-06-27"
"364","2002-06-17","2002-06-27"
"365","2002-06-18","2002-06-27"
"366","2002-06-19","2002-06-27"
"367","2002-06-20","2002-06-27"
"368","2002-06-21","2002-06-27"
"369","2002-06-24","2002-06-27"
"370","2002-06-25","2002-06-27"
"371","2002-06-26","2002-06-27"
"372","2002-06-27","2002-06-27"
"373","2002-06-28","2002-07-25"
"374","2002-07-01","2002-07-25"
"375","2002-07-02","2002-07-25"
"376","2002-07-03","2002-07-25"
"377","2002-07-04","2002-07-25"
"378","2002-07-05","2002-07-25"
"379","2002-07-08","2002-07-25"
"380","2002-07-09","2002-07-25"
"381","2002-07-10","2002-07-25"
"382","2002-07-11","2002-07-25"
"383","2002-07-12","2002-07-25"
"384","2002-07-15","2002-07-25"
"385","2002-07-16","2002-07-25"
"386","2002-07-17","2002-07-25"
"387","2002-07-18","2002-07-25"
"388","2002-07-19","2002-07-25"
"389","2002-07-22","2002-07-25"
"390","2002-07-23","2002-07-25"
"391","2002-07-24","2002-07-25"
"392","2002-07-25","2002-07-25"
"393","2002-07-26","2002-08-29"
"394","2002-07-29","2002-08-29"
"395","2002-07-30","2002-08-29"
"396","2002-07-31","2002-08-29"
"397","2002-08-01","2002-08-29"
"398","2002-08-02","2002-08-29"
"399","2002-08-05","2002-08-29"
"400","2002-08-06","2002-08-29"
"401","2002-08-07","2002-08-29"
"402","2002-08-08","2002-08-29"
"403","2002-08-09","2002-08-29"
"404","2002-08-12","2002-08-29"
"405","2002-08-13","2002-08-29"
"406","2002-08-14","2002-08-29"
"407","2002-08-16","2002-08-29"
"408","2002-08-19","2002-08-29"
"409","2002-08-20","2002-08-29"
"410","2002-08-21","2002-08-29"
"411","2002-08-22","2002-08-29"
"412","2002-08-23","2002-08-29"
"413","2002-08-26","2002-08-29"
"414","2002-08-27","2002-08-29"
"415","2002-08-28","2002-08-29"
"416","2002-08-29","2002-08-29"
"417","2002-08-30","2002-09-26"
"418","2002-09-02","2002-09-26"
"419","2002-09-03","2002-09-26"
"420","2002-09-04","2002-09-26"
"421","2002-09-05","2002-09-26"
"422","2002-09-06","2002-09-26"
"423","2002-09-09","2002-09-26"
"424","2002-09-11","2002-09-26"
"425","2002-09-12","2002-09-26"
"426","2002-09-13","2002-09-26"
"427","2002-09-16","2002-09-26"
"428","2002-09-17","2002-09-26"
"429","2002-09-18","2002-09-26"
"430","2002-09-19","2002-09-26"
"431","2002-09-20","2002-09-26"
"432","2002-09-23","2002-09-26"
"433","2002-09-24","2002-09-26"
"434","2002-09-25","2002-09-26"
"435","2002-09-26","2002-09-26"
"436","2002-09-27","2002-10-31"
"437","2002-09-30","2002-10-31"
"438","2002-10-01","2002-10-31"
"439","2002-10-03","2002-10-31"
"440","2002-10-04","2002-10-31"
"441","2002-10-07","2002-10-31"
"442","2002-10-08","2002-10-31"
"443","2002-10-09","2002-10-31"
"444","2002-10-10","2002-10-31"
"445","2002-10-11","2002-10-31"
"446","2002-10-14","2002-10-31"
"447","2002-10-16","2002-10-31"
"448","2002-10-17","2002-10-31"
"449","2002-10-18","2002-10-31"
"450","2002-10-21","2002-10-31"
"451","2002-10-22","2002-10-31"
"452","2002-10-23","2002-10-31"
"453","2002-10-24","2002-10-31"
"454","2002-10-25","2002-10-31"
"455","2002-10-28","2002-10-31"
"456","2002-10-29","2002-10-31"
"457","2002-10-30","2002-10-31"
"458","2002-10-31","2002-10-31"
"459","2002-11-01","2002-11-28"
"460","2002-11-05","2002-11-28"
"461","2002-11-07","2002-11-28"
"462","2002-11-08","2002-11-28"
"463","2002-11-11","2002-11-28"
"464","2002-11-12","2002-11-28"
"465","2002-11-13","2002-11-28"
"466","2002-11-14","2002-11-28"
"467","2002-11-15","2002-11-28"
"468","2002-11-18","2002-11-28"
"469","2002-11-20","2002-11-28"
"470","2002-11-21","2002-11-28"
"471","2002-11-22","2002-11-28"
"472","2002-11-25","2002-11-28"
"473","2002-11-26","2002-11-28"
"474","2002-11-27","2002-11-28"
"475","2002-11-28","2002-11-28"
"476","2002-11-29","2002-12-26"
"477","2002-12-02","2002-12-26"
"478","2002-12-03","2002-12-26"
"479","2002-12-04","2002-12-26"
"480","2002-12-05","2002-12-26"
"481","2002-12-06","2002-12-26"
"482","2002-12-09","2002-12-26"
"483","2002-12-10","2002-12-26"
"484","2002-12-11","2002-12-26"
"485","2002-12-12","2002-12-26"
"486","2002-12-13","2002-12-26"
"487","2002-12-16","2002-12-26"
"488","2002-12-17","2002-12-26"
"489","2002-12-18","2002-12-26"
"490","2002-12-19","2002-12-26"
"491","2002-12-20","2002-12-26"
"492","2002-12-23","2002-12-26"
"493","2002-12-24","2002-12-26"
"494","2002-12-26","2002-12-26"
"495","2002-12-27","2003-01-30"
"496","2002-12-30","2003-01-30"
"497","2002-12-31","2003-01-30"
"498","2003-01-01","2003-01-30"
"499","2003-01-02","2003-01-30"
"500","2003-01-03","2003-01-30"
"501","2003-01-06","2003-01-30"
"502","2003-01-07","2003-01-30"
"503","2003-01-08","2003-01-30"
"504","2003-01-09","2003-01-30"
"505","2003-01-10","2003-01-30"
"506","2003-01-13","2003-01-30"
"507","2003-01-14","2003-01-30"
"508","2003-01-15","2003-01-30"
"509","2003-01-16","2003-01-30"
"510","2003-01-17","2003-01-30"
"511","2003-01-20","2003-01-30"
"512","2003-01-21","2003-01-30"
"513","2003-01-22","2003-01-30"
"514","2003-01-23","2003-01-30"
"515","2003-01-24","2003-01-30"
"516","2003-01-27","2003-01-30"
"517","2003-01-28","2003-01-30"
"518","2003-01-29","2003-01-30"
"519","2003-01-30","2003-01-30"
"520","2003-01-31","2003-02-27"
"521","2003-02-03","2003-02-27"
"522","2003-02-04","2003-02-27"
"523","2003-02-05","2003-02-27"
"524","2003-02-06","2003-02-27"
"525","2003-02-07","2003-02-27"
"526","2003-02-10","2003-02-27"
"527","2003-02-11","2003-02-27"
"528","2003-02-12","2003-02-27"
"529","2003-02-14","2003-02-27"
"530","2003-02-17","2003-02-27"
"531","2003-02-18","2003-02-27"
"532","2003-02-19","2003-02-27"
"533","2003-02-20","2003-02-27"
"534","2003-02-21","2003-02-27"
"535","2003-02-24","2003-02-27"
"536","2003-02-25","2003-02-27"
"537","2003-02-26","2003-02-27"
"538","2003-02-27","2003-02-27"
"539","2003-02-28","2003-03-27"
"540","2003-03-03","2003-03-27"
"541","2003-03-04","2003-03-27"
"542","2003-03-05","2003-03-27"
"543","2003-03-06","2003-03-27"
"544","2003-03-07","2003-03-27"
"545","2003-03-10","2003-03-27"
"546","2003-03-11","2003-03-27"
"547","2003-03-12","2003-03-27"
"548","2003-03-13","2003-03-27"
"549","2003-03-17","2003-03-27"
"550","2003-03-19","2003-03-27"
"551","2003-03-20","2003-03-27"
"552","2003-03-21","2003-03-27"
"553","2003-03-24","2003-03-27"
"554","2003-03-25","2003-03-27"
"555","2003-03-26","2003-03-27"
"556","2003-03-27","2003-03-27"
"557","2003-03-28","2003-04-24"
"558","2003-03-31","2003-04-24"
"559","2003-04-01","2003-04-24"
"560","2003-04-02","2003-04-24"
"561","2003-04-03","2003-04-24"
"562","2003-04-04","2003-04-24"
"563","2003-04-07","2003-04-24"
"564","2003-04-08","2003-04-24"
"565","2003-04-09","2003-04-24"
"566","2003-04-10","2003-04-24"
"567","2003-04-11","2003-04-24"
"568","2003-04-15","2003-04-24"
"569","2003-04-16","2003-04-24"
"570","2003-04-17","2003-04-24"
"571","2003-04-21","2003-04-24"
"572","2003-04-22","2003-04-24"
"573","2003-04-23","2003-04-24"
"574","2003-04-24","2003-04-24"
"575","2003-04-25","2003-05-29"
"576","2003-04-28","2003-05-29"
"577","2003-04-29","2003-05-29"
"578","2003-04-30","2003-05-29"
"579","2003-05-02","2003-05-29"
"580","2003-05-05","2003-05-29"
"581","2003-05-06","2003-05-29"
"582","2003-05-07","2003-05-29"
"583","2003-05-08","2003-05-29"
"584","2003-05-09","2003-05-29"
"585","2003-05-12","2003-05-29"
"586","2003-05-13","2003-05-29"
"587","2003-05-14","2003-05-29"
"588","2003-05-15","2003-05-29"
"589","2003-05-16","2003-05-29"
"590","2003-05-19","2003-05-29"
"591","2003-05-20","2003-05-29"
"592","2003-05-21","2003-05-29"
"593","2003-05-22","2003-05-29"
"594","2003-05-23","2003-05-29"
"595","2003-05-26","2003-05-29"
"596","2003-05-27","2003-05-29"
"597","2003-05-28","2003-05-29"
"598","2003-05-29","2003-05-29"
"599","2003-05-30","2003-06-26"
"600","2003-06-02","2003-06-26"
"601","2003-06-03","2003-06-26"
"602","2003-06-04","2003-06-26"
"603","2003-06-05","2003-06-26"
"604","2003-06-06","2003-06-26"
"605","2003-06-09","2003-06-26"
"606","2003-06-10","2003-06-26"
"607","2003-06-11","2003-06-26"
"608","2003-06-12","2003-06-26"
"609","2003-06-13","2003-06-26"
"610","2003-06-16","2003-06-26"
"611","2003-06-17","2003-06-26"
"612","2003-06-18","2003-06-26"
"613","2003-06-19","2003-06-26"
"614","2003-06-20","2003-06-26"
"615","2003-06-23","2003-06-26"
"616","2003-06-24","2003-06-26"
"617","2003-06-25","2003-06-26"
"618","2003-06-26","2003-06-26"
"619","2003-06-27","2003-07-31"
"620","2003-06-30","2003-07-31"
"621","2003-07-01","2003-07-31"
"622","2003-07-02","2003-07-31"
"623","2003-07-03","2003-07-31"
"624","2003-07-04","2003-07-31"
"625","2003-07-07","2003-07-31"
"626","2003-07-08","2003-07-31"
"627","2003-07-09","2003-07-31"
"628","2003-07-10","2003-07-31"
"629","2003-07-11","2003-07-31"
"630","2003-07-14","2003-07-31"
"631","2003-07-15","2003-07-31"
"632","2003-07-16","2003-07-31"
"633","2003-07-17","2003-07-31"
"634","2003-07-18","2003-07-31"
"635","2003-07-21","2003-07-31"
"636","2003-07-22","2003-07-31"
"637","2003-07-23","2003-07-31"
"638","2003-07-24","2003-07-31"
"639","2003-07-25","2003-07-31"
"640","2003-07-28","2003-07-31"
"641","2003-07-29","2003-07-31"
"642","2003-07-30","2003-07-31"
"643","2003-07-31","2003-07-31"
"644","2003-08-01","2003-08-28"
"645","2003-08-04","2003-08-28"
"646","2003-08-05","2003-08-28"
"647","2003-08-06","2003-08-28"
"648","2003-08-07","2003-08-28"
"649","2003-08-08","2003-08-28"
"650","2003-08-11","2003-08-28"
"651","2003-08-12","2003-08-28"
"652","2003-08-13","2003-08-28"
"653","2003-08-14","2003-08-28"
"654","2003-08-18","2003-08-28"
"655","2003-08-19","2003-08-28"
"656","2003-08-20","2003-08-28"
"657","2003-08-21","2003-08-28"
"658","2003-08-22","2003-08-28"
"659","2003-08-25","2003-08-28"
"660","2003-08-26","2003-08-28"
"661","2003-08-27","2003-08-28"
"662","2003-08-28","2003-08-28"
"663","2003-08-29","2003-09-25"
"664","2003-09-01","2003-09-25"
"665","2003-09-02","2003-09-25"
"666","2003-09-03","2003-09-25"
"667","2003-09-04","2003-09-25"
"668","2003-09-05","2003-09-25"
"669","2003-09-08","2003-09-25"
"670","2003-09-09","2003-09-25"
"671","2003-09-10","2003-09-25"
"672","2003-09-11","2003-09-25"
"673","2003-09-12","2003-09-25"
"674","2003-09-15","2003-09-25"
"675","2003-09-16","2003-09-25"
"676","2003-09-17","2003-09-25"
"677","2003-09-18","2003-09-25"
"678","2003-09-19","2003-09-25"
"679","2003-09-22","2003-09-25"
"680","2003-09-23","2003-09-25"
"681","2003-09-24","2003-09-25"
"682","2003-09-25","2003-09-25"
"683","2003-09-26","2003-10-30"
"684","2003-09-29","2003-10-30"
"685","2003-09-30","2003-10-30"
"686","2003-10-01","2003-10-30"
"687","2003-10-03","2003-10-30"
"688","2003-10-06","2003-10-30"
"689","2003-10-07","2003-10-30"
"690","2003-10-08","2003-10-30"
"691","2003-10-09","2003-10-30"
"692","2003-10-10","2003-10-30"
"693","2003-10-13","2003-10-30"
"694","2003-10-14","2003-10-30"
"695","2003-10-15","2003-10-30"
"696","2003-10-16","2003-10-30"
"697","2003-10-17","2003-10-30"
"698","2003-10-20","2003-10-30"
"699","2003-10-21","2003-10-30"
"700","2003-10-22","2003-10-30"
"701","2003-10-23","2003-10-30"
"702","2003-10-24","2003-10-30"
"703","2003-10-27","2003-10-30"
"704","2003-10-28","2003-10-30"
"705","2003-10-29","2003-10-30"
"706","2003-10-30","2003-10-30"
"707","2003-10-31","2003-11-27"
"708","2003-11-03","2003-11-27"
"709","2003-11-04","2003-11-27"
"710","2003-11-05","2003-11-27"
"711","2003-11-06","2003-11-27"
"712","2003-11-07","2003-11-27"
"713","2003-11-10","2003-11-27"
"714","2003-11-11","2003-11-27"
"715","2003-11-12","2003-11-27"
"716","2003-11-13","2003-11-27"
"717","2003-11-14","2003-11-27"
"718","2003-11-17","2003-11-27"
"719","2003-11-18","2003-11-27"
"720","2003-11-19","2003-11-27"
"721","2003-11-20","2003-11-27"
"722","2003-11-21","2003-11-27"
"723","2003-11-24","2003-11-27"
"724","2003-11-25","2003-11-27"
"725","2003-11-27","2003-11-27"
"726","2003-11-28","2003-12-24"
"727","2003-12-01","2003-12-24"
"728","2003-12-02","2003-12-24"
"729","2003-12-03","2003-12-24"
"730","2003-12-04","2003-12-24"
"731","2003-12-05","2003-12-24"
"732","2003-12-08","2003-12-24"
"733","2003-12-09","2003-12-24"
"734","2003-12-10","2003-12-24"
"735","2003-12-11","2003-12-24"
"736","2003-12-12","2003-12-24"
"737","2003-12-15","2003-12-24"
"738","2003-12-16","2003-12-24"
"739","2003-12-17","2003-12-24"
"740","2003-12-18","2003-12-24"
"741","2003-12-19","2003-12-24"
"742","2003-12-22","2003-12-24"
"743","2003-12-23","2003-12-24"
"744","2003-12-24","2003-12-24"
"745","2003-12-26","2004-01-29"
"746","2003-12-29","2004-01-29"
"747","2003-12-30","2004-01-29"
"748","2003-12-31","2004-01-29"
"749","2004-01-01","2004-01-29"
"750","2004-01-02","2004-01-29"
"751","2004-01-05","2004-01-29"
"752","2004-01-06","2004-01-29"
"753","2004-01-07","2004-01-29"
"754","2004-01-08","2004-01-29"
"755","2004-01-09","2004-01-29"
"756","2004-01-12","2004-01-29"
"757","2004-01-13","2004-01-29"
"758","2004-01-14","2004-01-29"
"759","2004-01-15","2004-01-29"
"760","2004-01-16","2004-01-29"
"761","2004-01-19","2004-01-29"
"762","2004-01-20","2004-01-29"
"763","2004-01-21","2004-01-29"
"764","2004-01-22","2004-01-29"
"765","2004-01-23","2004-01-29"
"766","2004-01-27","2004-01-29"
"767","2004-01-28","2004-01-29"
"768","2004-01-29","2004-01-29"
"769","2004-01-30","2004-02-26"
"770","2004-02-03","2004-02-26"
"771","2004-02-04","2004-02-26"
"772","2004-02-05","2004-02-26"
"773","2004-02-06","2004-02-26"
"774","2004-02-09","2004-02-26"
"775","2004-02-10","2004-02-26"
"776","2004-02-11","2004-02-26"
"777","2004-02-12","2004-02-26"
"778","2004-02-13","2004-02-26"
"779","2004-02-16","2004-02-26"
"780","2004-02-17","2004-02-26"
"781","2004-02-18","2004-02-26"
"782","2004-02-19","2004-02-26"
"783","2004-02-20","2004-02-26"
"784","2004-02-23","2004-02-26"
"785","2004-02-24","2004-02-26"
"786","2004-02-25","2004-02-26"
"787","2004-02-26","2004-02-26"
"788","2004-02-27","2004-03-25"
"789","2004-03-01","2004-03-25"
"790","2004-03-03","2004-03-25"
"791","2004-03-04","2004-03-25"
"792","2004-03-05","2004-03-25"
"793","2004-03-08","2004-03-25"
"794","2004-03-09","2004-03-25"
"795","2004-03-10","2004-03-25"
"796","2004-03-11","2004-03-25"
"797","2004-03-12","2004-03-25"
"798","2004-03-15","2004-03-25"
"799","2004-03-16","2004-03-25"
"800","2004-03-17","2004-03-25"
"801","2004-03-18","2004-03-25"
"802","2004-03-19","2004-03-25"
"803","2004-03-22","2004-03-25"
"804","2004-03-23","2004-03-25"
"805","2004-03-24","2004-03-25"
"806","2004-03-25","2004-03-25"
"807","2004-03-26","2004-04-29"
"808","2004-03-29","2004-04-29"
"809","2004-03-30","2004-04-29"
"810","2004-03-31","2004-04-29"
"811","2004-04-01","2004-04-29"
"812","2004-04-02","2004-04-29"
"813","2004-04-05","2004-04-29"
"814","2004-04-06","2004-04-29"
"815","2004-04-07","2004-04-29"
"816","2004-04-08","2004-04-29"
"817","2004-04-12","2004-04-29"
"818","2004-04-13","2004-04-29"
"819","2004-04-15","2004-04-29"
"820","2004-04-16","2004-04-29"
"821","2004-04-19","2004-04-29"
"822","2004-04-20","2004-04-29"
"823","2004-04-21","2004-04-29"
"824","2004-04-22","2004-04-29"
"825","2004-04-23","2004-04-29"
"826","2004-04-27","2004-04-29"
"827","2004-04-28","2004-04-29"
"828","2004-04-29","2004-04-29"
"829","2004-04-30","2004-05-27"
"830","2004-05-03","2004-05-27"
"831","2004-05-04","2004-05-27"
"832","2004-05-05","2004-05-27"
"833","2004-05-06","2004-05-27"
"834","2004-05-07","2004-05-27"
"835","2004-05-10","2004-05-27"
"836","2004-05-11","2004-05-27"
"837","2004-05-12","2004-05-27"
"838","2004-05-13","2004-05-27"
"839","2004-05-14","2004-05-27"
"840","2004-05-17","2004-05-27"
"841","2004-05-18","2004-05-27"
"842","2004-05-19","2004-05-27"
"843","2004-05-20","2004-05-27"
"844","2004-05-21","2004-05-27"
"845","2004-05-24","2004-05-27"
"846","2004-05-25","2004-05-27"
"847","2004-05-26","2004-05-27"
"848","2004-05-27","2004-05-27"
"849","2004-05-28","2004-06-24"
"850","2004-05-31","2004-06-24"
"851","2004-06-01","2004-06-24"
"852","2004-06-02","2004-06-24"
"853","2004-06-03","2004-06-24"
"854","2004-06-04","2004-06-24"
"855","2004-06-07","2004-06-24"
"856","2004-06-08","2004-06-24"
"857","2004-06-09","2004-06-24"
"858","2004-06-10","2004-06-24"
"859","2004-06-11","2004-06-24"
"860","2004-06-14","2004-06-24"
"861","2004-06-15","2004-06-24"
"862","2004-06-16","2004-06-24"
"863","2004-06-17","2004-06-24"
"864","2004-06-18","2004-06-24"
"865","2004-06-21","2004-06-24"
"866","2004-06-22","2004-06-24"
"867","2004-06-23","2004-06-24"
"868","2004-06-24","2004-06-24"
"869","2004-06-25","2004-07-29"
"870","2004-06-28","2004-07-29"
"871","2004-06-29","2004-07-29"
"872","2004-06-30","2004-07-29"
"873","2004-07-01","2004-07-29"
"874","2004-07-02","2004-07-29"
"875","2004-07-05","2004-07-29"
"876","2004-07-06","2004-07-29"
"877","2004-07-07","2004-07-29"
"878","2004-07-08","2004-07-29"
"879","2004-07-09","2004-07-29"
"880","2004-07-12","2004-07-29"
"881","2004-07-13","2004-07-29"
"882","2004-07-14","2004-07-29"
"883","2004-07-15","2004-07-29"
"884","2004-07-16","2004-07-29"
"885","2004-07-19","2004-07-29"
"886","2004-07-20","2004-07-29"
"887","2004-07-21","2004-07-29"
"888","2004-07-22","2004-07-29"
"889","2004-07-23","2004-07-29"
"890","2004-07-26","2004-07-29"
"891","2004-07-27","2004-07-29"
"892","2004-07-28","2004-07-29"
"893","2004-07-29","2004-07-29"
"894","2004-07-30","2004-08-26"
"895","2004-08-02","2004-08-26"
"896","2004-08-03","2004-08-26"
"897","2004-08-04","2004-08-26"
"898","2004-08-05","2004-08-26"
"899","2004-08-06","2004-08-26"
"900","2004-08-09","2004-08-26"
"901","2004-08-10","2004-08-26"
"902","2004-08-11","2004-08-26"
"903","2004-08-12","2004-08-26"
"904","2004-08-13","2004-08-26"
"905","2004-08-16","2004-08-26"
"906","2004-08-17","2004-08-26"
"907","2004-08-18","2004-08-26"
"908","2004-08-19","2004-08-26"
"909","2004-08-20","2004-08-26"
"910","2004-08-23","2004-08-26"
"911","2004-08-24","2004-08-26"
"912","2004-08-25","2004-08-26"
"913","2004-08-26","2004-08-26"
"914","2004-08-27","2004-09-30"
"915","2004-08-30","2004-09-30"
"916","2004-08-31","2004-09-30"
"917","2004-09-01","2004-09-30"
"918","2004-09-02","2004-09-30"
"919","2004-09-03","2004-09-30"
"920","2004-09-06","2004-09-30"
"921","2004-09-07","2004-09-30"
"922","2004-09-08","2004-09-30"
"923","2004-09-09","2004-09-30"
"924","2004-09-10","2004-09-30"
"925","2004-09-13","2004-09-30"
"926","2004-09-14","2004-09-30"
"927","2004-09-15","2004-09-30"
"928","2004-09-16","2004-09-30"
"929","2004-09-17","2004-09-30"
"930","2004-09-20","2004-09-30"
"931","2004-09-21","2004-09-30"
"932","2004-09-22","2004-09-30"
"933","2004-09-23","2004-09-30"
"934","2004-09-24","2004-09-30"
"935","2004-09-27","2004-09-30"
"936","2004-09-28","2004-09-30"
"937","2004-09-29","2004-09-30"
"938","2004-09-30","2004-09-30"
"939","2004-10-01","2004-10-28"
"940","2004-10-04","2004-10-28"
"941","2004-10-05","2004-10-28"
"942","2004-10-06","2004-10-28"
"943","2004-10-07","2004-10-28"
"944","2004-10-08","2004-10-28"
"945","2004-10-11","2004-10-28"
"946","2004-10-12","2004-10-28"
"947","2004-10-14","2004-10-28"
"948","2004-10-15","2004-10-28"
"949","2004-10-18","2004-10-28"
"950","2004-10-19","2004-10-28"
"951","2004-10-20","2004-10-28"
"952","2004-10-21","2004-10-28"
"953","2004-10-25","2004-10-28"
"954","2004-10-26","2004-10-28"
"955","2004-10-27","2004-10-28"
"956","2004-10-28","2004-10-28"
"957","2004-10-29","2004-11-25"
"958","2004-11-01","2004-11-25"
"959","2004-11-02","2004-11-25"
"960","2004-11-03","2004-11-25"
"961","2004-11-04","2004-11-25"
"962","2004-11-05","2004-11-25"
"963","2004-11-08","2004-11-25"
"964","2004-11-09","2004-11-25"
"965","2004-11-10","2004-11-25"
"966","2004-11-11","2004-11-25"
"967","2004-11-16","2004-11-25"
"968","2004-11-17","2004-11-25"
"969","2004-11-18","2004-11-25"
"970","2004-11-19","2004-11-25"
"971","2004-11-22","2004-11-25"
"972","2004-11-23","2004-11-25"
"973","2004-11-24","2004-11-25"
"974","2004-11-25","2004-11-25"
"975","2004-11-29","2004-12-30"
"976","2004-11-30","2004-12-30"
"977","2004-12-01","2004-12-30"
"978","2004-12-02","2004-12-30"
"979","2004-12-03","2004-12-30"
"980","2004-12-06","2004-12-30"
"981","2004-12-07","2004-12-30"
"982","2004-12-08","2004-12-30"
"983","2004-12-09","2004-12-30"
"984","2004-12-10","2004-12-30"
"985","2004-12-13","2004-12-30"
"986","2004-12-14","2004-12-30"
"987","2004-12-15","2004-12-30"
"988","2004-12-16","2004-12-30"
"989","2004-12-17","2004-12-30"
"990","2004-12-20","2004-12-30"
"991","2004-12-21","2004-12-30"
"992","2004-12-22","2004-12-30"
"993","2004-12-23","2004-12-30"
"994","2004-12-24","2004-12-30"
"995","2004-12-27","2004-12-30"
"996","2004-12-28","2004-12-30"
"997","2004-12-29","2004-12-30"
"998","2004-12-30","2004-12-30"
"999","2004-12-31","2005-01-27"
"1000","2005-01-03","2005-01-27"
"1001","2005-01-04","2005-01-27"
"1002","2005-01-05","2005-01-27"
"1003","2005-01-06","2005-01-27"
"1004","2005-01-07","2005-01-27"
"1005","2005-01-10","2005-01-27"
"1006","2005-01-11","2005-01-27"
"1007","2005-01-12","2005-01-27"
"1008","2005-01-13","2005-01-27"
"1009","2005-01-14","2005-01-27"
"1010","2005-01-17","2005-01-27"
"1011","2005-01-18","2005-01-27"
"1012","2005-01-19","2005-01-27"
"1013","2005-01-20","2005-01-27"
"1014","2005-01-24","2005-01-27"
"1015","2005-01-25","2005-01-27"
"1016","2005-01-27","2005-01-27"
"1017","2005-01-28","2005-02-24"
"1018","2005-01-31","2005-02-24"
"1019","2005-02-01","2005-02-24"
"1020","2005-02-02","2005-02-24"
"1021","2005-02-03","2005-02-24"
"1022","2005-02-04","2005-02-24"
"1023","2005-02-07","2005-02-24"
"1024","2005-02-08","2005-02-24"
"1025","2005-02-09","2005-02-24"
"1026","2005-02-10","2005-02-24"
"1027","2005-02-11","2005-02-24"
"1028","2005-02-14","2005-02-24"
"1029","2005-02-15","2005-02-24"
"1030","2005-02-16","2005-02-24"
"1031","2005-02-17","2005-02-24"
"1032","2005-02-18","2005-02-24"
"1033","2005-02-21","2005-02-24"
"1034","2005-02-22","2005-02-24"
"1035","2005-02-23","2005-02-24"
"1036","2005-02-24","2005-02-24"
"1037","2005-02-25","2005-03-31"
"1038","2005-02-28","2005-03-31"
"1039","2005-03-01","2005-03-31"
"1040","2005-03-02","2005-03-31"
"1041","2005-03-03","2005-03-31"
"1042","2005-03-04","2005-03-31"
"1043","2005-03-07","2005-03-31"
"1044","2005-03-08","2005-03-31"
"1045","2005-03-09","2005-03-31"
"1046","2005-03-10","2005-03-31"
"1047","2005-03-11","2005-03-31"
"1048","2005-03-14","2005-03-31"
"1049","2005-03-15","2005-03-31"
"1050","2005-03-16","2005-03-31"
"1051","2005-03-17","2005-03-31"
"1052","2005-03-18","2005-03-31"
"1053","2005-03-21","2005-03-31"
"1054","2005-03-22","2005-03-31"
"1055","2005-03-23","2005-03-31"
"1056","2005-03-24","2005-03-31"
"1057","2005-03-28","2005-03-31"
"1058","2005-03-29","2005-03-31"
"1059","2005-03-30","2005-03-31"
"1060","2005-03-31","2005-03-31"
"1061","2005-04-01","2005-04-28"
"1062","2005-04-04","2005-04-28"
"1063","2005-04-05","2005-04-28"
"1064","2005-04-06","2005-04-28"
"1065","2005-04-07","2005-04-28"
"1066","2005-04-08","2005-04-28"
"1067","2005-04-11","2005-04-28"
"1068","2005-04-12","2005-04-28"
"1069","2005-04-13","2005-04-28"
"1070","2005-04-15","2005-04-28"
"1071","2005-04-18","2005-04-28"
"1072","2005-04-19","2005-04-28"
"1073","2005-04-20","2005-04-28"
"1074","2005-04-21","2005-04-28"
"1075","2005-04-22","2005-04-28"
"1076","2005-04-25","2005-04-28"
"1077","2005-04-26","2005-04-28"
"1078","2005-04-27","2005-04-28"
"1079","2005-04-28","2005-04-28"
"1080","2005-04-29","2005-05-26"
"1081","2005-05-02","2005-05-26"
"1082","2005-05-03","2005-05-26"
"1083","2005-05-04","2005-05-26"
"1084","2005-05-05","2005-05-26"
"1085","2005-05-06","2005-05-26"
"1086","2005-05-09","2005-05-26"
"1087","2005-05-10","2005-05-26"
"1088","2005-05-11","2005-05-26"
"1089","2005-05-12","2005-05-26"
"1090","2005-05-13","2005-05-26"
"1091","2005-05-16","2005-05-26"
"1092","2005-05-17","2005-05-26"
"1093","2005-05-18","2005-05-26"
"1094","2005-05-19","2005-05-26"
"1095","2005-05-20","2005-05-26"
"1096","2005-05-23","2005-05-26"
"1097","2005-05-24","2005-05-26"
"1098","2005-05-25","2005-05-26"
"1099","2005-05-26","2005-05-26"
"1100","2005-05-27","2005-06-30"
"1101","2005-05-30","2005-06-30"
"1102","2005-05-31","2005-06-30"
"1103","2005-06-01","2005-06-30"
"1104","2005-06-02","2005-06-30"
"1105","2005-06-03","2005-06-30"
"1106","2005-06-06","2005-06-30"
"1107","2005-06-07","2005-06-30"
"1108","2005-06-08","2005-06-30"
"1109","2005-06-09","2005-06-30"
"1110","2005-06-10","2005-06-30"
"1111","2005-06-13","2005-06-30"
"1112","2005-06-14","2005-06-30"
"1113","2005-06-15","2005-06-30"
"1114","2005-06-16","2005-06-30"
"1115","2005-06-17","2005-06-30"
"1116","2005-06-20","2005-06-30"
"1117","2005-06-21","2005-06-30"
"1118","2005-06-22","2005-06-30"
"1119","2005-06-23","2005-06-30"
"1120","2005-06-24","2005-06-30"
"1121","2005-06-27","2005-06-30"
"1122","2005-06-28","2005-06-30"
"1123","2005-06-29","2005-06-30"
"1124","2005-06-30","2005-06-30"
"1125","2005-07-01","2005-07-27"
"1126","2005-07-04","2005-07-27"
"1127","2005-07-05","2005-07-27"
"1128","2005-07-06","2005-07-27"
"1129","2005-07-07","2005-07-27"
"1130","2005-07-08","2005-07-27"
"1131","2005-07-11","2005-07-27"
"1132","2005-07-12","2005-07-27"
"1133","2005-07-13","2005-07-27"
"1134","2005-07-14","2005-07-27"
"1135","2005-07-15","2005-07-27"
"1136","2005-07-18","2005-07-27"
"1137","2005-07-19","2005-07-27"
"1138","2005-07-20","2005-07-27"
"1139","2005-07-21","2005-07-27"
"1140","2005-07-22","2005-07-27"
"1141","2005-07-25","2005-07-27"
"1142","2005-07-26","2005-07-27"
"1143","2005-07-27","2005-07-27"
"1144","2005-07-29","2005-08-25"
"1145","2005-08-01","2005-08-25"
"1146","2005-08-02","2005-08-25"
"1147","2005-08-03","2005-08-25"
"1148","2005-08-04","2005-08-25"
"1149","2005-08-05","2005-08-25"
"1150","2005-08-08","2005-08-25"
"1151","2005-08-09","2005-08-25"
"1152","2005-08-10","2005-08-25"
"1153","2005-08-11","2005-08-25"
"1154","2005-08-12","2005-08-25"
"1155","2005-08-16","2005-08-25"
"1156","2005-08-17","2005-08-25"
"1157","2005-08-18","2005-08-25"
"1158","2005-08-19","2005-08-25"
"1159","2005-08-22","2005-08-25"
"1160","2005-08-23","2005-08-25"
"1161","2005-08-24","2005-08-25"
"1162","2005-08-25","2005-08-25"
"1163","2005-08-26","2005-09-29"
"1164","2005-08-29","2005-09-29"
"1165","2005-08-30","2005-09-29"
"1166","2005-08-31","2005-09-29"
"1167","2005-09-01","2005-09-29"
"1168","2005-09-02","2005-09-29"
"1169","2005-09-05","2005-09-29"
"1170","2005-09-06","2005-09-29"
"1171","2005-09-08","2005-09-29"
"1172","2005-09-09","2005-09-29"
"1173","2005-09-12","2005-09-29"
"1174","2005-09-13","2005-09-29"
"1175","2005-09-14","2005-09-29"
"1176","2005-09-15","2005-09-29"
"1177","2005-09-16","2005-09-29"
"1178","2005-09-19","2005-09-29"
"1179","2005-09-20","2005-09-29"
"1180","2005-09-21","2005-09-29"
"1181","2005-09-22","2005-09-29"
"1182","2005-09-23","2005-09-29"
"1183","2005-09-26","2005-09-29"
"1184","2005-09-27","2005-09-29"
"1185","2005-09-28","2005-09-29"
"1186","2005-09-29","2005-09-29"
"1187","2005-09-30","2005-10-27"
"1188","2005-10-03","2005-10-27"
"1189","2005-10-04","2005-10-27"
"1190","2005-10-05","2005-10-27"
"1191","2005-10-06","2005-10-27"
"1192","2005-10-07","2005-10-27"
"1193","2005-10-10","2005-10-27"
"1194","2005-10-11","2005-10-27"
"1195","2005-10-13","2005-10-27"
"1196","2005-10-14","2005-10-27"
"1197","2005-10-17","2005-10-27"
"1198","2005-10-18","2005-10-27"
"1199","2005-10-19","2005-10-27"
"1200","2005-10-20","2005-10-27"
"1201","2005-10-21","2005-10-27"
"1202","2005-10-24","2005-10-27"
"1203","2005-10-25","2005-10-27"
"1204","2005-10-26","2005-10-27"
"1205","2005-10-27","2005-10-27"
"1206","2005-10-28","2005-11-24"
"1207","2005-10-31","2005-11-24"
"1208","2005-11-02","2005-11-24"
"1209","2005-11-07","2005-11-24"
"1210","2005-11-08","2005-11-24"
"1211","2005-11-09","2005-11-24"
"1212","2005-11-10","2005-11-24"
"1213","2005-11-11","2005-11-24"
"1214","2005-11-14","2005-11-24"
"1215","2005-11-16","2005-11-24"
"1216","2005-11-17","2005-11-24"
"1217","2005-11-18","2005-11-24"
"1218","2005-11-21","2005-11-24"
"1219","2005-11-22","2005-11-24"
"1220","2005-11-23","2005-11-24"
"1221","2005-11-24","2005-11-24"
"1222","2005-11-25","2005-12-29"
"1223","2005-11-28","2005-12-29"
"1224","2005-11-29","2005-12-29"
"1225","2005-11-30","2005-12-29"
"1226","2005-12-01","2005-12-29"
"1227","2005-12-02","2005-12-29"
"1228","2005-12-05","2005-12-29"
"1229","2005-12-06","2005-12-29"
"1230","2005-12-07","2005-12-29"
"1231","2005-12-08","2005-12-29"
"1232","2005-12-09","2005-12-29"
"1233","2005-12-12","2005-12-29"
"1234","2005-12-13","2005-12-29"
"1235","2005-12-14","2005-12-29"
"1236","2005-12-15","2005-12-29"
"1237","2005-12-16","2005-12-29"
"1238","2005-12-19","2005-12-29"
"1239","2005-12-20","2005-12-29"
"1240","2005-12-21","2005-12-29"
"1241","2005-12-22","2005-12-29"
"1242","2005-12-23","2005-12-29"
"1243","2005-12-26","2005-12-29"
"1244","2005-12-27","2005-12-29"
"1245","2005-12-28","2005-12-29"
"1246","2005-12-29","2005-12-29"
"1247","2005-12-30","2006-01-25"
"1248","2006-01-02","2006-01-25"
"1249","2006-01-03","2006-01-25"
"1250","2006-01-04","2006-01-25"
"1251","2006-01-05","2006-01-25"
"1252","2006-01-06","2006-01-25"
"1253","2006-01-09","2006-01-25"
"1254","2006-01-10","2006-01-25"
"1255","2006-01-12","2006-01-25"
"1256","2006-01-13","2006-01-25"
"1257","2006-01-16","2006-01-25"
"1258","2006-01-17","2006-01-25"
"1259","2006-01-18","2006-01-25"
"1260","2006-01-19","2006-01-25"
"1261","2006-01-20","2006-01-25"
"1262","2006-01-23","2006-01-25"
"1263","2006-01-24","2006-01-25"
"1264","2006-01-25","2006-01-25"
"1265","2006-01-27","2006-02-23"
"1266","2006-01-30","2006-02-23"
"1267","2006-01-31","2006-02-23"
"1268","2006-02-01","2006-02-23"
"1269","2006-02-02","2006-02-23"
"1270","2006-02-03","2006-02-23"
"1271","2006-02-06","2006-02-23"
"1272","2006-02-07","2006-02-23"
"1273","2006-02-08","2006-02-23"
"1274","2006-02-10","2006-02-23"
"1275","2006-02-13","2006-02-23"
"1276","2006-02-14","2006-02-23"
"1277","2006-02-15","2006-02-23"
"1278","2006-02-16","2006-02-23"
"1279","2006-02-17","2006-02-23"
"1280","2006-02-20","2006-02-23"
"1281","2006-02-21","2006-02-23"
"1282","2006-02-22","2006-02-23"
"1283","2006-02-23","2006-02-23"
"1284","2006-02-24","2006-03-30"
"1285","2006-02-27","2006-03-30"
"1286","2006-02-28","2006-03-30"
"1287","2006-03-01","2006-03-30"
"1288","2006-03-02","2006-03-30"
"1289","2006-03-03","2006-03-30"
"1290","2006-03-06","2006-03-30"
"1291","2006-03-07","2006-03-30"
"1292","2006-03-08","2006-03-30"
"1293","2006-03-09","2006-03-30"
"1294","2006-03-10","2006-03-30"
"1295","2006-03-13","2006-03-30"
"1296","2006-03-14","2006-03-30"
"1297","2006-03-16","2006-03-30"
"1298","2006-03-17","2006-03-30"
"1299","2006-03-20","2006-03-30"
"1300","2006-03-21","2006-03-30"
"1301","2006-03-22","2006-03-30"
"1302","2006-03-23","2006-03-30"
"1303","2006-03-24","2006-03-30"
"1304","2006-03-27","2006-03-30"
"1305","2006-03-28","2006-03-30"
"1306","2006-03-29","2006-03-30"
"1307","2006-03-30","2006-03-30"
"1308","2006-03-31","2006-04-27"
"1309","2006-04-03","2006-04-27"
"1310","2006-04-04","2006-04-27"
"1311","2006-04-05","2006-04-27"
"1312","2006-04-07","2006-04-27"
"1313","2006-04-10","2006-04-27"
"1314","2006-04-12","2006-04-27"
"1315","2006-04-13","2006-04-27"
"1316","2006-04-17","2006-04-27"
"1317","2006-04-18","2006-04-27"
"1318","2006-04-19","2006-04-27"
"1319","2006-04-20","2006-04-27"
"1320","2006-04-21","2006-04-27"
"1321","2006-04-24","2006-04-27"
"1322","2006-04-25","2006-04-27"
"1323","2006-04-26","2006-04-27"
"1324","2006-04-27","2006-04-27"
"1325","2006-04-28","2006-05-25"
"1326","2006-05-02","2006-05-25"
"1327","2006-05-03","2006-05-25"
"1328","2006-05-04","2006-05-25"
"1329","2006-05-05","2006-05-25"
"1330","2006-05-08","2006-05-25"
"1331","2006-05-09","2006-05-25"
"1332","2006-05-10","2006-05-25"
"1333","2006-05-11","2006-05-25"
"1334","2006-05-12","2006-05-25"
"1335","2006-05-15","2006-05-25"
"1336","2006-05-16","2006-05-25"
"1337","2006-05-17","2006-05-25"
"1338","2006-05-18","2006-05-25"
"1339","2006-05-19","2006-05-25"
"1340","2006-05-22","2006-05-25"
"1341","2006-05-23","2006-05-25"
"1342","2006-05-24","2006-05-25"
"1343","2006-05-25","2006-05-25"
"1344","2006-05-26","2006-06-29"
"1345","2006-05-29","2006-06-29"
"1346","2006-05-30","2006-06-29"
"1347","2006-05-31","2006-06-29"
"1348","2006-06-01","2006-06-29"
"1349","2006-06-02","2006-06-29"
"1350","2006-06-05","2006-06-29"
"1351","2006-06-06","2006-06-29"
"1352","2006-06-07","2006-06-29"
"1353","2006-06-08","2006-06-29"
"1354","2006-06-09","2006-06-29"
"1355","2006-06-12","2006-06-29"
"1356","2006-06-13","2006-06-29"
"1357","2006-06-14","2006-06-29"
"1358","2006-06-15","2006-06-29"
"1359","2006-06-16","2006-06-29"
"1360","2006-06-19","2006-06-29"
"1361","2006-06-20","2006-06-29"
"1362","2006-06-21","2006-06-29"
"1363","2006-06-22","2006-06-29"
"1364","2006-06-23","2006-06-29"
"1365","2006-06-26","2006-06-29"
"1366","2006-06-27","2006-06-29"
"1367","2006-06-28","2006-06-29"
"1368","2006-06-29","2006-06-29"
"1369","2006-06-30","2006-07-27"
"1370","2006-07-03","2006-07-27"
"1371","2006-07-04","2006-07-27"
"1372","2006-07-05","2006-07-27"
"1373","2006-07-06","2006-07-27"
"1374","2006-07-07","2006-07-27"
"1375","2006-07-10","2006-07-27"
"1376","2006-07-11","2006-07-27"
"1377","2006-07-12","2006-07-27"
"1378","2006-07-13","2006-07-27"
"1379","2006-07-14","2006-07-27"
"1380","2006-07-17","2006-07-27"
"1381","2006-07-18","2006-07-27"
"1382","2006-07-19","2006-07-27"
"1383","2006-07-20","2006-07-27"
"1384","2006-07-21","2006-07-27"
"1385","2006-07-24","2006-07-27"
"1386","2006-07-25","2006-07-27"
"1387","2006-07-26","2006-07-27"
"1388","2006-07-27","2006-07-27"
"1389","2006-07-28","2006-08-31"
"1390","2006-07-31","2006-08-31"
"1391","2006-08-01","2006-08-31"
"1392","2006-08-02","2006-08-31"
"1393","2006-08-03","2006-08-31"
"1394","2006-08-04","2006-08-31"
"1395","2006-08-07","2006-08-31"
"1396","2006-08-08","2006-08-31"
"1397","2006-08-09","2006-08-31"
"1398","2006-08-10","2006-08-31"
"1399","2006-08-11","2006-08-31"
"1400","2006-08-14","2006-08-31"
"1401","2006-08-16","2006-08-31"
"1402","2006-08-17","2006-08-31"
"1403","2006-08-18","2006-08-31"
"1404","2006-08-21","2006-08-31"
"1405","2006-08-22","2006-08-31"
"1406","2006-08-23","2006-08-31"
"1407","2006-08-24","2006-08-31"
"1408","2006-08-25","2006-08-31"
"1409","2006-08-28","2006-08-31"
"1410","2006-08-29","2006-08-31"
"1411","2006-08-30","2006-08-31"
"1412","2006-08-31","2006-08-31"
"1413","2006-09-01","2006-09-28"
"1414","2006-09-04","2006-09-28"
"1415","2006-09-05","2006-09-28"
"1416","2006-09-06","2006-09-28"
"1417","2006-09-07","2006-09-28"
"1418","2006-09-08","2006-09-28"
"1419","2006-09-11","2006-09-28"
"1420","2006-09-12","2006-09-28"
"1421","2006-09-13","2006-09-28"
"1422","2006-09-14","2006-09-28"
"1423","2006-09-15","2006-09-28"
"1424","2006-09-18","2006-09-28"
"1425","2006-09-19","2006-09-28"
"1426","2006-09-20","2006-09-28"
"1427","2006-09-21","2006-09-28"
"1428","2006-09-22","2006-09-28"
"1429","2006-09-25","2006-09-28"
"1430","2006-09-26","2006-09-28"
"1431","2006-09-27","2006-09-28"
"1432","2006-09-28","2006-09-28"
"1433","2006-09-29","2006-10-26"
"1434","2006-10-03","2006-10-26"
"1435","2006-10-04","2006-10-26"
"1436","2006-10-05","2006-10-26"
"1437","2006-10-06","2006-10-26"
"1438","2006-10-09","2006-10-26"
"1439","2006-10-10","2006-10-26"
"1440","2006-10-11","2006-10-26"
"1441","2006-10-12","2006-10-26"
"1442","2006-10-13","2006-10-26"
"1443","2006-10-16","2006-10-26"
"1444","2006-10-17","2006-10-26"
"1445","2006-10-18","2006-10-26"
"1446","2006-10-19","2006-10-26"
"1447","2006-10-20","2006-10-26"
"1448","2006-10-23","2006-10-26"
"1449","2006-10-26","2006-10-26"
"1450","2006-10-27","2006-11-30"
"1451","2006-10-30","2006-11-30"
"1452","2006-10-31","2006-11-30"
"1453","2006-11-01","2006-11-30"
"1454","2006-11-02","2006-11-30"
"1455","2006-11-03","2006-11-30"
"1456","2006-11-06","2006-11-30"
"1457","2006-11-07","2006-11-30"
"1458","2006-11-08","2006-11-30"
"1459","2006-11-09","2006-11-30"
"1460","2006-11-10","2006-11-30"
"1461","2006-11-13","2006-11-30"
"1462","2006-11-14","2006-11-30"
"1463","2006-11-15","2006-11-30"
"1464","2006-11-16","2006-11-30"
"1465","2006-11-17","2006-11-30"
"1466","2006-11-20","2006-11-30"
"1467","2006-11-21","2006-11-30"
"1468","2006-11-22","2006-11-30"
"1469","2006-11-23","2006-11-30"
"1470","2006-11-24","2006-11-30"
"1471","2006-11-27","2006-11-30"
"1472","2006-11-28","2006-11-30"
"1473","2006-11-29","2006-11-30"
"1474","2006-11-30","2006-11-30"
"1475","2006-12-01","2006-12-28"
"1476","2006-12-04","2006-12-28"
"1477","2006-12-05","2006-12-28"
"1478","2006-12-06","2006-12-28"
"1479","2006-12-07","2006-12-28"
"1480","2006-12-08","2006-12-28"
"1481","2006-12-11","2006-12-28"
"1482","2006-12-12","2006-12-28"
"1483","2006-12-13","2006-12-28"
"1484","2006-12-14","2006-12-28"
"1485","2006-12-15","2006-12-28"
"1486","2006-12-18","2006-12-28"
"1487","2006-12-19","2006-12-28"
"1488","2006-12-20","2006-12-28"
"1489","2006-12-21","2006-12-28"
"1490","2006-12-22","2006-12-28"
"1491","2006-12-26","2006-12-28"
"1492","2006-12-27","2006-12-28"
"1493","2006-12-28","2006-12-28"
"1494","2006-12-29","2007-01-25"
"1495","2007-01-02","2007-01-25"
"1496","2007-01-03","2007-01-25"
"1497","2007-01-04","2007-01-25"
"1498","2007-01-05","2007-01-25"
"1499","2007-01-08","2007-01-25"
"1500","2007-01-09","2007-01-25"
"1501","2007-01-10","2007-01-25"
"1502","2007-01-11","2007-01-25"
"1503","2007-01-12","2007-01-25"
"1504","2007-01-15","2007-01-25"
"1505","2007-01-16","2007-01-25"
"1506","2007-01-17","2007-01-25"
"1507","2007-01-18","2007-01-25"
"1508","2007-01-19","2007-01-25"
"1509","2007-01-22","2007-01-25"
"1510","2007-01-23","2007-01-25"
"1511","2007-01-24","2007-01-25"
"1512","2007-01-25","2007-01-25"
"1513","2007-01-29","2007-02-22"
"1514","2007-01-31","2007-02-22"
"1515","2007-02-01","2007-02-22"
"1516","2007-02-02","2007-02-22"
"1517","2007-02-05","2007-02-22"
"1518","2007-02-06","2007-02-22"
"1519","2007-02-07","2007-02-22"
"1520","2007-02-08","2007-02-22"
"1521","2007-02-09","2007-02-22"
"1522","2007-02-12","2007-02-22"
"1523","2007-02-13","2007-02-22"
"1524","2007-02-14","2007-02-22"
"1525","2007-02-15","2007-02-22"
"1526","2007-02-19","2007-02-22"
"1527","2007-02-20","2007-02-22"
"1528","2007-02-21","2007-02-22"
"1529","2007-02-22","2007-02-22"
"1530","2007-02-23","2007-03-29"
"1531","2007-02-26","2007-03-29"
"1532","2007-02-27","2007-03-29"
"1533","2007-02-28","2007-03-29"
"1534","2007-03-01","2007-03-29"
"1535","2007-03-02","2007-03-29"
"1536","2007-03-05","2007-03-29"
"1537","2007-03-06","2007-03-29"
"1538","2007-03-07","2007-03-29"
"1539","2007-03-08","2007-03-29"
"1540","2007-03-09","2007-03-29"
"1541","2007-03-12","2007-03-29"
"1542","2007-03-13","2007-03-29"
"1543","2007-03-14","2007-03-29"
"1544","2007-03-15","2007-03-29"
"1545","2007-03-16","2007-03-29"
"1546","2007-03-19","2007-03-29"
"1547","2007-03-20","2007-03-29"
"1548","2007-03-21","2007-03-29"
"1549","2007-03-22","2007-03-29"
"1550","2007-03-23","2007-03-29"
"1551","2007-03-26","2007-03-29"
"1552","2007-03-28","2007-03-29"
"1553","2007-03-29","2007-03-29"
"1554","2007-03-30","2007-04-26"
"1555","2007-04-02","2007-04-26"
"1556","2007-04-03","2007-04-26"
"1557","2007-04-04","2007-04-26"
"1558","2007-04-05","2007-04-26"
"1559","2007-04-09","2007-04-26"
"1560","2007-04-10","2007-04-26"
"1561","2007-04-11","2007-04-26"
"1562","2007-04-12","2007-04-26"
"1563","2007-04-13","2007-04-26"
"1564","2007-04-16","2007-04-26"
"1565","2007-04-17","2007-04-26"
"1566","2007-04-18","2007-04-26"
"1567","2007-04-19","2007-04-26"
"1568","2007-04-20","2007-04-26"
"1569","2007-04-23","2007-04-26"
"1570","2007-04-24","2007-04-26"
"1571","2007-04-25","2007-04-26"
"1572","2007-04-26","2007-04-26"
"1573","2007-04-27","2007-05-31"
"1574","2007-04-30","2007-05-31"
"1575","2007-05-03","2007-05-31"
"1576","2007-05-04","2007-05-31"
"1577","2007-05-07","2007-05-31"
"1578","2007-05-08","2007-05-31"
"1579","2007-05-09","2007-05-31"
"1580","2007-05-10","2007-05-31"
"1581","2007-05-11","2007-05-31"
"1582","2007-05-14","2007-05-31"
"1583","2007-05-15","2007-05-31"
"1584","2007-05-16","2007-05-31"
"1585","2007-05-17","2007-05-31"
"1586","2007-05-18","2007-05-31"
"1587","2007-05-21","2007-05-31"
"1588","2007-05-22","2007-05-31"
"1589","2007-05-23","2007-05-31"
"1590","2007-05-24","2007-05-31"
"1591","2007-05-25","2007-05-31"
"1592","2007-05-28","2007-05-31"
"1593","2007-05-29","2007-05-31"
"1594","2007-05-30","2007-05-31"
"1595","2007-05-31","2007-05-31"
"1596","2007-06-01","2007-06-28"
"1597","2007-06-04","2007-06-28"
"1598","2007-06-05","2007-06-28"
"1599","2007-06-06","2007-06-28"
"1600","2007-06-07","2007-06-28"
"1601","2007-06-08","2007-06-28"
"1602","2007-06-11","2007-06-28"
"1603","2007-06-12","2007-06-28"
"1604","2007-06-13","2007-06-28"
"1605","2007-06-14","2007-06-28"
"1606","2007-06-15","2007-06-28"
"1607","2007-06-18","2007-06-28"
"1608","2007-06-19","2007-06-28"
"1609","2007-06-20","2007-06-28"
"1610","2007-06-21","2007-06-28"
"1611","2007-06-22","2007-06-28"
"1612","2007-06-25","2007-06-28"
"1613","2007-06-26","2007-06-28"
"1614","2007-06-27","2007-06-28"
"1615","2007-06-28","2007-06-28"
"1616","2007-06-29","2007-07-26"
"1617","2007-07-02","2007-07-26"
"1618","2007-07-03","2007-07-26"
"1619","2007-07-04","2007-07-26"
"1620","2007-07-05","2007-07-26"
"1621","2007-07-06","2007-07-26"
"1622","2007-07-09","2007-07-26"
"1623","2007-07-10","2007-07-26"
"1624","2007-07-11","2007-07-26"
"1625","2007-07-12","2007-07-26"
"1626","2007-07-13","2007-07-26"
"1627","2007-07-16","2007-07-26"
"1628","2007-07-17","2007-07-26"
"1629","2007-07-18","2007-07-26"
"1630","2007-07-19","2007-07-26"
"1631","2007-07-20","2007-07-26"
"1632","2007-07-23","2007-07-26"
"1633","2007-07-24","2007-07-26"
"1634","2007-07-25","2007-07-26"
"1635","2007-07-26","2007-07-26"
"1636","2007-07-27","2007-08-30"
"1637","2007-07-30","2007-08-30"
"1638","2007-07-31","2007-08-30"
"1639","2007-08-01","2007-08-30"
"1640","2007-08-02","2007-08-30"
"1641","2007-08-03","2007-08-30"
"1642","2007-08-06","2007-08-30"
"1643","2007-08-07","2007-08-30"
"1644","2007-08-08","2007-08-30"
"1645","2007-08-09","2007-08-30"
"1646","2007-08-10","2007-08-30"
"1647","2007-08-13","2007-08-30"
"1648","2007-08-14","2007-08-30"
"1649","2007-08-16","2007-08-30"
"1650","2007-08-17","2007-08-30"
"1651","2007-08-20","2007-08-30"
"1652","2007-08-21","2007-08-30"
"1653","2007-08-22","2007-08-30"
"1654","2007-08-23","2007-08-30"
"1655","2007-08-24","2007-08-30"
"1656","2007-08-27","2007-08-30"
"1657","2007-08-28","2007-08-30"
"1658","2007-08-29","2007-08-30"
"1659","2007-08-30","2007-08-30"
"1660","2007-08-31","2007-09-27"
"1661","2007-09-03","2007-09-27"
"1662","2007-09-04","2007-09-27"
"1663","2007-09-05","2007-09-27"
"1664","2007-09-06","2007-09-27"
"1665","2007-09-07","2007-09-27"
"1666","2007-09-10","2007-09-27"
"1667","2007-09-11","2007-09-27"
"1668","2007-09-12","2007-09-27"
"1669","2007-09-13","2007-09-27"
"1670","2007-09-14","2007-09-27"
"1671","2007-09-17","2007-09-27"
"1672","2007-09-18","2007-09-27"
"1673","2007-09-19","2007-09-27"
"1674","2007-09-20","2007-09-27"
"1675","2007-09-21","2007-09-27"
"1676","2007-09-24","2007-09-27"
"1677","2007-09-25","2007-09-27"
"1678","2007-09-26","2007-09-27"
"1679","2007-09-27","2007-09-27"
"1680","2007-09-28","2007-10-25"
"1681","2007-10-01","2007-10-25"
"1682","2007-10-03","2007-10-25"
"1683","2007-10-04","2007-10-25"
"1684","2007-10-05","2007-10-25"
"1685","2007-10-08","2007-10-25"
"1686","2007-10-09","2007-10-25"
"1687","2007-10-10","2007-10-25"
"1688","2007-10-11","2007-10-25"
"1689","2007-10-12","2007-10-25"
"1690","2007-10-15","2007-10-25"
"1691","2007-10-16","2007-10-25"
"1692","2007-10-17","2007-10-25"
"1693","2007-10-18","2007-10-25"
"1694","2007-10-19","2007-10-25"
"1695","2007-10-22","2007-10-25"
"1696","2007-10-23","2007-10-25"
"1697","2007-10-24","2007-10-25"
"1698","2007-10-25","2007-10-25"
"1699","2007-10-26","2007-11-29"
"1700","2007-10-29","2007-11-29"
"1701","2007-10-30","2007-11-29"
"1702","2007-10-31","2007-11-29"
"1703","2007-11-01","2007-11-29"
"1704","2007-11-02","2007-11-29"
"1705","2007-11-05","2007-11-29"
"1706","2007-11-06","2007-11-29"
"1707","2007-11-07","2007-11-29"
"1708","2007-11-08","2007-11-29"
"1709","2007-11-12","2007-11-29"
"1710","2007-11-13","2007-11-29"
"1711","2007-11-14","2007-11-29"
"1712","2007-11-15","2007-11-29"
"1713","2007-11-16","2007-11-29"
"1714","2007-11-19","2007-11-29"
"1715","2007-11-20","2007-11-29"
"1716","2007-11-21","2007-11-29"
"1717","2007-11-22","2007-11-29"
"1718","2007-11-23","2007-11-29"
"1719","2007-11-26","2007-11-29"
"1720","2007-11-27","2007-11-29"
"1721","2007-11-28","2007-11-29"
"1722","2007-11-29","2007-11-29"
"1723","2007-11-30","2007-12-27"
"1724","2007-12-03","2007-12-27"
"1725","2007-12-04","2007-12-27"
"1726","2007-12-05","2007-12-27"
"1727","2007-12-06","2007-12-27"
"1728","2007-12-07","2007-12-27"
"1729","2007-12-10","2007-12-27"
"1730","2007-12-11","2007-12-27"
"1731","2007-12-12","2007-12-27"
"1732","2007-12-13","2007-12-27"
"1733","2007-12-14","2007-12-27"
"1734","2007-12-17","2007-12-27"
"1735","2007-12-18","2007-12-27"
"1736","2007-12-19","2007-12-27"
"1737","2007-12-20","2007-12-27"
"1738","2007-12-24","2007-12-27"
"1739","2007-12-26","2007-12-27"
"1740","2007-12-27","2007-12-27"
"1741","2007-12-28","2008-01-31"
"1742","2007-12-31","2008-01-31"
"1743","2008-01-01","2008-01-31"
"1744","2008-01-02","2008-01-31"
"1745","2008-01-03","2008-01-31"
"1746","2008-01-04","2008-01-31"
"1747","2008-01-07","2008-01-31"
"1748","2008-01-08","2008-01-31"
"1749","2008-01-09","2008-01-31"
"1750","2008-01-10","2008-01-31"
"1751","2008-01-11","2008-01-31"
"1752","2008-01-14","2008-01-31"
"1753","2008-01-15","2008-01-31"
"1754","2008-01-16","2008-01-31"
"1755","2008-01-17","2008-01-31"
"1756","2008-01-18","2008-01-31"
"1757","2008-01-21","2008-01-31"
"1758","2008-01-22","2008-01-31"
"1759","2008-01-23","2008-01-31"
"1760","2008-01-24","2008-01-31"
"1761","2008-01-25","2008-01-31"
"1762","2008-01-28","2008-01-31"
"1763","2008-01-29","2008-01-31"
"1764","2008-01-30","2008-01-31"
"1765","2008-01-31","2008-01-31"
"1766","2008-02-01","2008-02-28"
"1767","2008-02-04","2008-02-28"
"1768","2008-02-05","2008-02-28"
"1769","2008-02-06","2008-02-28"
"1770","2008-02-07","2008-02-28"
"1771","2008-02-08","2008-02-28"
"1772","2008-02-11","2008-02-28"
"1773","2008-02-12","2008-02-28"
"1774","2008-02-13","2008-02-28"
"1775","2008-02-14","2008-02-28"
"1776","2008-02-15","2008-02-28"
"1777","2008-02-18","2008-02-28"
"1778","2008-02-19","2008-02-28"
"1779","2008-02-20","2008-02-28"
"1780","2008-02-21","2008-02-28"
"1781","2008-02-22","2008-02-28"
"1782","2008-02-25","2008-02-28"
"1783","2008-02-26","2008-02-28"
"1784","2008-02-27","2008-02-28"
"1785","2008-02-28","2008-02-28"
"1786","2008-02-29","2008-03-27"
"1787","2008-03-03","2008-03-27"
"1788","2008-03-04","2008-03-27"
"1789","2008-03-05","2008-03-27"
"1790","2008-03-07","2008-03-27"
"1791","2008-03-10","2008-03-27"
"1792","2008-03-11","2008-03-27"
"1793","2008-03-12","2008-03-27"
"1794","2008-03-13","2008-03-27"
"1795","2008-03-14","2008-03-27"
"1796","2008-03-17","2008-03-27"
"1797","2008-03-18","2008-03-27"
"1798","2008-03-19","2008-03-27"
"1799","2008-03-24","2008-03-27"
"1800","2008-03-25","2008-03-27"
"1801","2008-03-26","2008-03-27"
"1802","2008-03-27","2008-03-27"
"1803","2008-03-28","2008-04-24"
"1804","2008-03-31","2008-04-24"
"1805","2008-04-01","2008-04-24"
"1806","2008-04-02","2008-04-24"
"1807","2008-04-03","2008-04-24"
"1808","2008-04-04","2008-04-24"
"1809","2008-04-07","2008-04-24"
"1810","2008-04-08","2008-04-24"
"1811","2008-04-09","2008-04-24"
"1812","2008-04-10","2008-04-24"
"1813","2008-04-11","2008-04-24"
"1814","2008-04-15","2008-04-24"
"1815","2008-04-16","2008-04-24"
"1816","2008-04-17","2008-04-24"
"1817","2008-04-21","2008-04-24"
"1818","2008-04-22","2008-04-24"
"1819","2008-04-23","2008-04-24"
"1820","2008-04-24","2008-04-24"
"1821","2008-04-25","2008-05-29"
"1822","2008-04-28","2008-05-29"
"1823","2008-04-29","2008-05-29"
"1824","2008-04-30","2008-05-29"
"1825","2008-05-02","2008-05-29"
"1826","2008-05-05","2008-05-29"
"1827","2008-05-06","2008-05-29"
"1828","2008-05-07","2008-05-29"
"1829","2008-05-08","2008-05-29"
"1830","2008-05-09","2008-05-29"
"1831","2008-05-12","2008-05-29"
"1832","2008-05-13","2008-05-29"
"1833","2008-05-14","2008-05-29"
"1834","2008-05-15","2008-05-29"
"1835","2008-05-16","2008-05-29"
"1836","2008-05-20","2008-05-29"
"1837","2008-05-21","2008-05-29"
"1838","2008-05-22","2008-05-29"
"1839","2008-05-23","2008-05-29"
"1840","2008-05-26","2008-05-29"
"1841","2008-05-27","2008-05-29"
"1842","2008-05-28","2008-05-29"
"1843","2008-05-29","2008-05-29"
"1844","2008-05-30","2008-06-26"
"1845","2008-06-02","2008-06-26"
"1846","2008-06-03","2008-06-26"
"1847","2008-06-04","2008-06-26"
"1848","2008-06-05","2008-06-26"
"1849","2008-06-06","2008-06-26"
"1850","2008-06-09","2008-06-26"
"1851","2008-06-10","2008-06-26"
"1852","2008-06-11","2008-06-26"
"1853","2008-06-12","2008-06-26"
"1854","2008-06-13","2008-06-26"
"1855","2008-06-16","2008-06-26"
"1856","2008-06-17","2008-06-26"
"1857","2008-06-18","2008-06-26"
"1858","2008-06-19","2008-06-26"
"1859","2008-06-20","2008-06-26"
"1860","2008-06-23","2008-06-26"
"1861","2008-06-24","2008-06-26"
"1862","2008-06-25","2008-06-26"
"1863","2008-06-26","2008-06-26"
"1864","2008-06-27","2008-07-31"
"1865","2008-06-30","2008-07-31"
"1866","2008-07-01","2008-07-31"
"1867","2008-07-02","2008-07-31"
"1868","2008-07-03","2008-07-31"
"1869","2008-07-04","2008-07-31"
"1870","2008-07-07","2008-07-31"
"1871","2008-07-08","2008-07-31"
"1872","2008-07-09","2008-07-31"
"1873","2008-07-10","2008-07-31"
"1874","2008-07-11","2008-07-31"
"1875","2008-07-14","2008-07-31"
"1876","2008-07-15","2008-07-31"
"1877","2008-07-16","2008-07-31"
"1878","2008-07-17","2008-07-31"
"1879","2008-07-18","2008-07-31"
"1880","2008-07-21","2008-07-31"
"1881","2008-07-22","2008-07-31"
"1882","2008-07-23","2008-07-31"
"1883","2008-07-24","2008-07-31"
"1884","2008-07-25","2008-07-31"
"1885","2008-07-28","2008-07-31"
"1886","2008-07-29","2008-07-31"
"1887","2008-07-30","2008-07-31"
"1888","2008-07-31","2008-07-31"
"1889","2008-08-01","2008-08-28"
"1890","2008-08-04","2008-08-28"
"1891","2008-08-05","2008-08-28"
"1892","2008-08-06","2008-08-28"
"1893","2008-08-07","2008-08-28"
"1894","2008-08-08","2008-08-28"
"1895","2008-08-11","2008-08-28"
"1896","2008-08-12","2008-08-28"
"1897","2008-08-13","2008-08-28"
"1898","2008-08-14","2008-08-28"
"1899","2008-08-18","2008-08-28"
"1900","2008-08-19","2008-08-28"
"1901","2008-08-20","2008-08-28"
"1902","2008-08-21","2008-08-28"
"1903","2008-08-22","2008-08-28"
"1904","2008-08-25","2008-08-28"
"1905","2008-08-26","2008-08-28"
"1906","2008-08-27","2008-08-28"
"1907","2008-08-28","2008-08-28"
"1908","2008-08-29","2008-09-25"
"1909","2008-09-01","2008-09-25"
"1910","2008-09-02","2008-09-25"
"1911","2008-09-04","2008-09-25"
"1912","2008-09-05","2008-09-25"
"1913","2008-09-08","2008-09-25"
"1914","2008-09-09","2008-09-25"
"1915","2008-09-10","2008-09-25"
"1916","2008-09-11","2008-09-25"
"1917","2008-09-12","2008-09-25"
"1918","2008-09-15","2008-09-25"
"1919","2008-09-16","2008-09-25"
"1920","2008-09-17","2008-09-25"
"1921","2008-09-18","2008-09-25"
"1922","2008-09-19","2008-09-25"
"1923","2008-09-22","2008-09-25"
"1924","2008-09-23","2008-09-25"
"1925","2008-09-24","2008-09-25"
"1926","2008-09-25","2008-09-25"
"1927","2008-09-26","2008-10-29"
"1928","2008-09-29","2008-10-29"
"1929","2008-09-30","2008-10-29"
"1930","2008-10-01","2008-10-29"
"1931","2008-10-03","2008-10-29"
"1932","2008-10-06","2008-10-29"
"1933","2008-10-07","2008-10-29"
"1934","2008-10-08","2008-10-29"
"1935","2008-10-10","2008-10-29"
"1936","2008-10-13","2008-10-29"
"1937","2008-10-14","2008-10-29"
"1938","2008-10-15","2008-10-29"
"1939","2008-10-16","2008-10-29"
"1940","2008-10-17","2008-10-29"
"1941","2008-10-20","2008-10-29"
"1942","2008-10-21","2008-10-29"
"1943","2008-10-22","2008-10-29"
"1944","2008-10-23","2008-10-29"
"1945","2008-10-24","2008-10-29"
"1946","2008-10-27","2008-10-29"
"1947","2008-10-29","2008-10-29"
"1948","2008-10-31","2008-11-26"
"1949","2008-11-03","2008-11-26"
"1950","2008-11-04","2008-11-26"
"1951","2008-11-05","2008-11-26"
"1952","2008-11-06","2008-11-26"
"1953","2008-11-07","2008-11-26"
"1954","2008-11-10","2008-11-26"
"1955","2008-11-11","2008-11-26"
"1956","2008-11-12","2008-11-26"
"1957","2008-11-14","2008-11-26"
"1958","2008-11-17","2008-11-26"
"1959","2008-11-18","2008-11-26"
"1960","2008-11-19","2008-11-26"
"1961","2008-11-20","2008-11-26"
"1962","2008-11-21","2008-11-26"
"1963","2008-11-24","2008-11-26"
"1964","2008-11-25","2008-11-26"
"1965","2008-11-26","2008-11-26"
"1966","2008-11-28","2008-12-24"
"1967","2008-12-01","2008-12-24"
"1968","2008-12-02","2008-12-24"
"1969","2008-12-03","2008-12-24"
"1970","2008-12-04","2008-12-24"
"1971","2008-12-05","2008-12-24"
"1972","2008-12-08","2008-12-24"
"1973","2008-12-10","2008-12-24"
"1974","2008-12-11","2008-12-24"
"1975","2008-12-12","2008-12-24"
"1976","2008-12-15","2008-12-24"
"1977","2008-12-16","2008-12-24"
"1978","2008-12-17","2008-12-24"
"1979","2008-12-18","2008-12-24"
"1980","2008-12-19","2008-12-24"
"1981","2008-12-22","2008-12-24"
"1982","2008-12-23","2008-12-24"
"1983","2008-12-24","2008-12-24"
"1984","2008-12-26","2009-01-29"
"1985","2008-12-29","2009-01-29"
"1986","2008-12-30","2009-01-29"
"1987","2008-12-31","2009-01-29"
"1988","2009-01-01","2009-01-29"
"1989","2009-01-02","2009-01-29"
"1990","2009-01-05","2009-01-29"
"1991","2009-01-06","2009-01-29"
"1992","2009-01-07","2009-01-29"
"1993","2009-01-09","2009-01-29"
"1994","2009-01-12","2009-01-29"
"1995","2009-01-13","2009-01-29"
"1996","2009-01-14","2009-01-29"
"1997","2009-01-15","2009-01-29"
"1998","2009-01-16","2009-01-29"
"1999","2009-01-19","2009-01-29"
"2000","2009-01-20","2009-01-29"
"2001","2009-01-21","2009-01-29"
"2002","2009-01-22","2009-01-29"
"2003","2009-01-23","2009-01-29"
"2004","2009-01-27","2009-01-29"
"2005","2009-01-28","2009-01-29"
"2006","2009-01-29","2009-01-29"
"2007","2009-01-30","2009-02-26"
"2008","2009-02-02","2009-02-26"
"2009","2009-02-03","2009-02-26"
"2010","2009-02-04","2009-02-26"
"2011","2009-02-05","2009-02-26"
"2012","2009-02-06","2009-02-26"
"2013","2009-02-09","2009-02-26"
"2014","2009-02-10","2009-02-26"
"2015","2009-02-11","2009-02-26"
"2016","2009-02-12","2009-02-26"
"2017","2009-02-13","2009-02-26"
"2018","2009-02-16","2009-02-26"
"2019","2009-02-17","2009-02-26"
"2020","2009-02-18","2009-02-26"
"2021","2009-02-19","2009-02-26"
"2022","2009-02-20","2009-02-26"
"2023","2009-02-24","2009-02-26"
"2024","2009-02-25","2009-02-26"
"2025","2009-02-26","2009-02-26"
"2026","2009-02-27","2009-03-26"
"2027","2009-03-02","2009-03-26"
"2028","2009-03-03","2009-03-26"
"2029","2009-03-04","2009-03-26"
"2030","2009-03-05","2009-03-26"
"2031","2009-03-06","2009-03-26"
"2032","2009-03-09","2009-03-26"
"2033","2009-03-12","2009-03-26"
"2034","2009-03-13","2009-03-26"
"2035","2009-03-16","2009-03-26"
"2036","2009-03-17","2009-03-26"
"2037","2009-03-18","2009-03-26"
"2038","2009-03-19","2009-03-26"
"2039","2009-03-20","2009-03-26"
"2040","2009-03-23","2009-03-26"
"2041","2009-03-24","2009-03-26"
"2042","2009-03-25","2009-03-26"
"2043","2009-03-26","2009-03-26"
"2044","2009-03-30","2009-04-29"
"2045","2009-03-31","2009-04-29"
"2046","2009-04-02","2009-04-29"
"2047","2009-04-06","2009-04-29"
"2048","2009-04-08","2009-04-29"
"2049","2009-04-09","2009-04-29"
"2050","2009-04-13","2009-04-29"
"2051","2009-04-15","2009-04-29"
"2052","2009-04-16","2009-04-29"
"2053","2009-04-17","2009-04-29"
"2054","2009-04-20","2009-04-29"
"2055","2009-04-21","2009-04-29"
"2056","2009-04-22","2009-04-29"
"2057","2009-04-23","2009-04-29"
"2058","2009-04-24","2009-04-29"
"2059","2009-04-27","2009-04-29"
"2060","2009-04-28","2009-04-29"
"2061","2009-04-29","2009-04-29"
"2062","2009-05-04","2009-05-28"
"2063","2009-05-05","2009-05-28"
"2064","2009-05-06","2009-05-28"
"2065","2009-05-07","2009-05-28"
"2066","2009-05-08","2009-05-28"
"2067","2009-05-11","2009-05-28"
"2068","2009-05-12","2009-05-28"
"2069","2009-05-13","2009-05-28"
"2070","2009-05-14","2009-05-28"
"2071","2009-05-15","2009-05-28"
"2072","2009-05-18","2009-05-28"
"2073","2009-05-19","2009-05-28"
"2074","2009-05-20","2009-05-28"
"2075","2009-05-21","2009-05-28"
"2076","2009-05-22","2009-05-28"
"2077","2009-05-25","2009-05-28"
"2078","2009-05-26","2009-05-28"
"2079","2009-05-27","2009-05-28"
"2080","2009-05-28","2009-05-28"
"2081","2009-05-29","2009-06-25"
"2082","2009-06-01","2009-06-25"
"2083","2009-06-02","2009-06-25"
"2084","2009-06-03","2009-06-25"
"2085","2009-06-04","2009-06-25"
"2086","2009-06-05","2009-06-25"
"2087","2009-06-08","2009-06-25"
"2088","2009-06-09","2009-06-25"
"2089","2009-06-10","2009-06-25"
"2090","2009-06-11","2009-06-25"
"2091","2009-06-12","2009-06-25"
"2092","2009-06-15","2009-06-25"
"2093","2009-06-16","2009-06-25"
"2094","2009-06-17","2009-06-25"
"2095","2009-06-18","2009-06-25"
"2096","2009-06-19","2009-06-25"
"2097","2009-06-22","2009-06-25"
"2098","2009-06-23","2009-06-25"
"2099","2009-06-24","2009-06-25"
"2100","2009-06-25","2009-06-25"
"2101","2009-06-26","2009-07-30"
"2102","2009-06-29","2009-07-30"
"2103","2009-06-30","2009-07-30"
"2104","2009-07-02","2009-07-30"
"2105","2009-07-03","2009-07-30"
"2106","2009-07-06","2009-07-30"
"2107","2009-07-07","2009-07-30"
"2108","2009-07-08","2009-07-30"
"2109","2009-07-09","2009-07-30"
"2110","2009-07-10","2009-07-30"
"2111","2009-07-13","2009-07-30"
"2112","2009-07-14","2009-07-30"
"2113","2009-07-15","2009-07-30"
"2114","2009-07-16","2009-07-30"
"2115","2009-07-17","2009-07-30"
"2116","2009-07-20","2009-07-30"
"2117","2009-07-21","2009-07-30"
"2118","2009-07-22","2009-07-30"
"2119","2009-07-23","2009-07-30"
"2120","2009-07-24","2009-07-30"
"2121","2009-07-27","2009-07-30"
"2122","2009-07-28","2009-07-30"
"2123","2009-07-29","2009-07-30"
"2124","2009-07-30","2009-07-30"
"2125","2009-07-31","2009-08-27"
"2126","2009-08-03","2009-08-27"
"2127","2009-08-04","2009-08-27"
"2128","2009-08-05","2009-08-27"
"2129","2009-08-06","2009-08-27"
"2130","2009-08-07","2009-08-27"
"2131","2009-08-10","2009-08-27"
"2132","2009-08-11","2009-08-27"
"2133","2009-08-12","2009-08-27"
"2134","2009-08-13","2009-08-27"
"2135","2009-08-14","2009-08-27"
"2136","2009-08-17","2009-08-27"
"2137","2009-08-18","2009-08-27"
"2138","2009-08-20","2009-08-27"
"2139","2009-08-21","2009-08-27"
"2140","2009-08-24","2009-08-27"
"2141","2009-08-25","2009-08-27"
"2142","2009-08-26","2009-08-27"
"2143","2009-08-27","2009-08-27"
"2144","2009-08-28","2009-09-24"
"2145","2009-08-31","2009-09-24"
"2146","2009-09-01","2009-09-24"
"2147","2009-09-02","2009-09-24"
"2148","2009-09-03","2009-09-24"
"2149","2009-09-04","2009-09-24"
"2150","2009-09-07","2009-09-24"
"2151","2009-09-08","2009-09-24"
"2152","2009-09-09","2009-09-24"
"2153","2009-09-10","2009-09-24"
"2154","2009-09-11","2009-09-24"
"2155","2009-09-14","2009-09-24"
"2156","2009-09-15","2009-09-24"
"2157","2009-09-16","2009-09-24"
"2158","2009-09-17","2009-09-24"
"2159","2009-09-18","2009-09-24"
"2160","2009-09-22","2009-09-24"
"2161","2009-09-23","2009-09-24"
"2162","2009-09-24","2009-09-24"
"2163","2009-09-25","2009-10-29"
"2164","2009-09-29","2009-10-29"
"2165","2009-10-01","2009-10-29"
"2166","2009-10-05","2009-10-29"
"2167","2009-10-06","2009-10-29"
"2168","2009-10-07","2009-10-29"
"2169","2009-10-08","2009-10-29"
"2170","2009-10-09","2009-10-29"
"2171","2009-10-12","2009-10-29"
"2172","2009-10-14","2009-10-29"
"2173","2009-10-15","2009-10-29"
"2174","2009-10-16","2009-10-29"
"2175","2009-10-20","2009-10-29"
"2176","2009-10-21","2009-10-29"
"2177","2009-10-22","2009-10-29"
"2178","2009-10-23","2009-10-29"
"2179","2009-10-26","2009-10-29"
"2180","2009-10-27","2009-10-29"
"2181","2009-10-28","2009-10-29"
"2182","2009-10-29","2009-10-29"
"2183","2009-10-30","2009-11-26"
"2184","2009-11-03","2009-11-26"
"2185","2009-11-04","2009-11-26"
"2186","2009-11-05","2009-11-26"
"2187","2009-11-06","2009-11-26"
"2188","2009-11-09","2009-11-26"
"2189","2009-11-10","2009-11-26"
"2190","2009-11-11","2009-11-26"
"2191","2009-11-12","2009-11-26"
"2192","2009-11-13","2009-11-26"
"2193","2009-11-16","2009-11-26"
"2194","2009-11-17","2009-11-26"
"2195","2009-11-18","2009-11-26"
"2196","2009-11-19","2009-11-26"
"2197","2009-11-20","2009-11-26"
"2198","2009-11-23","2009-11-26"
"2199","2009-11-24","2009-11-26"
"2200","2009-11-25","2009-11-26"
"2201","2009-11-26","2009-11-26"
"2202","2009-11-27","2009-12-31"
"2203","2009-11-30","2009-12-31"
"2204","2009-12-01","2009-12-31"
"2205","2009-12-02","2009-12-31"
"2206","2009-12-03","2009-12-31"
"2207","2009-12-04","2009-12-31"
"2208","2009-12-07","2009-12-31"
"2209","2009-12-08","2009-12-31"
"2210","2009-12-09","2009-12-31"
"2211","2009-12-10","2009-12-31"
"2212","2009-12-11","2009-12-31"
"2213","2009-12-14","2009-12-31"
"2214","2009-12-15","2009-12-31"
"2215","2009-12-16","2009-12-31"
"2216","2009-12-17","2009-12-31"
"2217","2009-12-18","2009-12-31"
"2218","2009-12-21","2009-12-31"
"2219","2009-12-22","2009-12-31"
"2220","2009-12-23","2009-12-31"
"2221","2009-12-24","2009-12-31"
"2222","2009-12-29","2009-12-31"
"2223","2009-12-30","2009-12-31"
"2224","2009-12-31","2009-12-31"
"2225","2010-01-04","2010-01-28"
"2226","2010-01-05","2010-01-28"
"2227","2010-01-06","2010-01-28"
"2228","2010-01-07","2010-01-28"
"2229","2010-01-08","2010-01-28"
"2230","2010-01-11","2010-01-28"
"2231","2010-01-12","2010-01-28"
"2232","2010-01-13","2010-01-28"
"2233","2010-01-14","2010-01-28"
"2234","2010-01-15","2010-01-28"
"2235","2010-01-18","2010-01-28"
"2236","2010-01-19","2010-01-28"
"2237","2010-01-20","2010-01-28"
"2238","2010-01-21","2010-01-28"
"2239","2010-01-22","2010-01-28"
"2240","2010-01-25","2010-01-28"
"2241","2010-01-27","2010-01-28"
"2242","2010-01-28","2010-01-28"
"2243","2010-01-29","2010-02-25"
"2244","2010-02-01","2010-02-25"
"2245","2010-02-02","2010-02-25"
"2246","2010-02-03","2010-02-25"
"2247","2010-02-04","2010-02-25"
"2248","2010-02-05","2010-02-25"
"2249","2010-02-08","2010-02-25"
"2250","2010-02-09","2010-02-25"
"2251","2010-02-10","2010-02-25"
"2252","2010-02-11","2010-02-25"
"2253","2010-02-15","2010-02-25"
"2254","2010-02-16","2010-02-25"
"2255","2010-02-17","2010-02-25"
"2256","2010-02-18","2010-02-25"
"2257","2010-02-19","2010-02-25"
"2258","2010-02-22","2010-02-25"
"2259","2010-02-23","2010-02-25"
"2260","2010-02-24","2010-02-25"
"2261","2010-02-25","2010-02-25"
"2262","2010-02-26","2010-03-25"
"2263","2010-03-02","2010-03-25"
"2264","2010-03-03","2010-03-25"
"2265","2010-03-04","2010-03-25"
"2266","2010-03-05","2010-03-25"
"2267","2010-03-08","2010-03-25"
"2268","2010-03-09","2010-03-25"
"2269","2010-03-10","2010-03-25"
"2270","2010-03-11","2010-03-25"
"2271","2010-03-12","2010-03-25"
"2272","2010-03-15","2010-03-25"
"2273","2010-03-16","2010-03-25"
"2274","2010-03-17","2010-03-25"
"2275","2010-03-18","2010-03-25"
"2276","2010-03-19","2010-03-25"
"2277","2010-03-22","2010-03-25"
"2278","2010-03-23","2010-03-25"
"2279","2010-03-25","2010-03-25"
"2280","2010-03-26","2010-04-29"
"2281","2010-03-29","2010-04-29"
"2282","2010-03-30","2010-04-29"
"2283","2010-03-31","2010-04-29"
"2284","2010-04-01","2010-04-29"
"2285","2010-04-05","2010-04-29"
"2286","2010-04-06","2010-04-29"
"2287","2010-04-07","2010-04-29"
"2288","2010-04-08","2010-04-29"
"2289","2010-04-09","2010-04-29"
"2290","2010-04-12","2010-04-29"
"2291","2010-04-13","2010-04-29"
"2292","2010-04-15","2010-04-29"
"2293","2010-04-16","2010-04-29"
"2294","2010-04-19","2010-04-29"
"2295","2010-04-20","2010-04-29"
"2296","2010-04-21","2010-04-29"
"2297","2010-04-22","2010-04-29"
"2298","2010-04-23","2010-04-29"
"2299","2010-04-26","2010-04-29"
"2300","2010-04-27","2010-04-29"
"2301","2010-04-28","2010-04-29"
"2302","2010-04-29","2010-04-29"
"2303","2010-04-30","2010-05-27"
"2304","2010-05-03","2010-05-27"
"2305","2010-05-04","2010-05-27"
"2306","2010-05-05","2010-05-27"
"2307","2010-05-06","2010-05-27"
"2308","2010-05-07","2010-05-27"
"2309","2010-05-10","2010-05-27"
"2310","2010-05-11","2010-05-27"
"2311","2010-05-12","2010-05-27"
"2312","2010-05-13","2010-05-27"
"2313","2010-05-14","2010-05-27"
"2314","2010-05-17","2010-05-27"
"2315","2010-05-18","2010-05-27"
"2316","2010-05-19","2010-05-27"
"2317","2010-05-20","2010-05-27"
"2318","2010-05-21","2010-05-27"
"2319","2010-05-24","2010-05-27"
"2320","2010-05-25","2010-05-27"
"2321","2010-05-26","2010-05-27"
"2322","2010-05-27","2010-05-27"
"2323","2010-05-28","2010-06-24"
"2324","2010-05-31","2010-06-24"
"2325","2010-06-01","2010-06-24"
"2326","2010-06-02","2010-06-24"
"2327","2010-06-03","2010-06-24"
"2328","2010-06-04","2010-06-24"
"2329","2010-06-07","2010-06-24"
"2330","2010-06-08","2010-06-24"
"2331","2010-06-09","2010-06-24"
"2332","2010-06-10","2010-06-24"
"2333","2010-06-11","2010-06-24"
"2334","2010-06-14","2010-06-24"
"2335","2010-06-15","2010-06-24"
"2336","2010-06-16","2010-06-24"
"2337","2010-06-17","2010-06-24"
"2338","2010-06-18","2010-06-24"
"2339","2010-06-21","2010-06-24"
"2340","2010-06-22","2010-06-24"
"2341","2010-06-23","2010-06-24"
"2342","2010-06-24","2010-06-24"
"2343","2010-06-25","2010-07-29"
"2344","2010-06-28","2010-07-29"
"2345","2010-06-29","2010-07-29"
"2346","2010-06-30","2010-07-29"
"2347","2010-07-01","2010-07-29"
"2348","2010-07-02","2010-07-29"
"2349","2010-07-05","2010-07-29"
"2350","2010-07-06","2010-07-29"
"2351","2010-07-07","2010-07-29"
"2352","2010-07-08","2010-07-29"
"2353","2010-07-09","2010-07-29"
"2354","2010-07-12","2010-07-29"
"2355","2010-07-13","2010-07-29"
"2356","2010-07-14","2010-07-29"
"2357","2010-07-15","2010-07-29"
"2358","2010-07-16","2010-07-29"
"2359","2010-07-19","2010-07-29"
"2360","2010-07-20","2010-07-29"
"2361","2010-07-21","2010-07-29"
"2362","2010-07-22","2010-07-29"
"2363","2010-07-23","2010-07-29"
"2364","2010-07-26","2010-07-29"
"2365","2010-07-27","2010-07-29"
"2366","2010-07-28","2010-07-29"
"2367","2010-07-29","2010-07-29"
"2368","2010-07-30","2010-08-26"
"2369","2010-08-02","2010-08-26"
"2370","2010-08-03","2010-08-26"
"2371","2010-08-04","2010-08-26"
"2372","2010-08-05","2010-08-26"
"2373","2010-08-06","2010-08-26"
"2374","2010-08-09","2010-08-26"
"2375","2010-08-10","2010-08-26"
"2376","2010-08-11","2010-08-26"
"2377","2010-08-12","2010-08-26"
"2378","2010-08-13","2010-08-26"
"2379","2010-08-16","2010-08-26"
"2380","2010-08-17","2010-08-26"
"2381","2010-08-18","2010-08-26"
"2382","2010-08-19","2010-08-26"
"2383","2010-08-20","2010-08-26"
"2384","2010-08-23","2010-08-26"
"2385","2010-08-24","2010-08-26"
"2386","2010-08-25","2010-08-26"
"2387","2010-08-26","2010-08-26"
"2388","2010-08-27","2010-09-30"
"2389","2010-08-30","2010-09-30"
"2390","2010-08-31","2010-09-30"
"2391","2010-09-01","2010-09-30"
"2392","2010-09-02","2010-09-30"
"2393","2010-09-03","2010-09-30"
"2394","2010-09-06","2010-09-30"
"2395","2010-09-07","2010-09-30"
"2396","2010-09-08","2010-09-30"
"2397","2010-09-09","2010-09-30"
"2398","2010-09-13","2010-09-30"
"2399","2010-09-14","2010-09-30"
"2400","2010-09-15","2010-09-30"
"2401","2010-09-16","2010-09-30"
"2402","2010-09-17","2010-09-30"
"2403","2010-09-20","2010-09-30"
"2404","2010-09-21","2010-09-30"
"2405","2010-09-22","2010-09-30"
"2406","2010-09-23","2010-09-30"
"2407","2010-09-24","2010-09-30"
"2408","2010-09-27","2010-09-30"
"2409","2010-09-28","2010-09-30"
"2410","2010-09-29","2010-09-30"
"2411","2010-09-30","2010-09-30"
"2412","2010-10-01","2010-10-28"
"2413","2010-10-04","2010-10-28"
"2414","2010-10-05","2010-10-28"
"2415","2010-10-06","2010-10-28"
"2416","2010-10-07","2010-10-28"
"2417","2010-10-08","2010-10-28"
"2418","2010-10-11","2010-10-28"
"2419","2010-10-12","2010-10-28"
"2420","2010-10-13","2010-10-28"
"2421","2010-10-14","2010-10-28"
"2422","2010-10-15","2010-10-28"
"2423","2010-10-18","2010-10-28"
"2424","2010-10-19","2010-10-28"
"2425","2010-10-20","2010-10-28"
"2426","2010-10-21","2010-10-28"
"2427","2010-10-22","2010-10-28"
"2428","2010-10-25","2010-10-28"
"2429","2010-10-26","2010-10-28"
"2430","2010-10-27","2010-10-28"
"2431","2010-10-28","2010-10-28"
"2432","2010-10-29","2010-11-25"
"2433","2010-11-01","2010-11-25"
"2434","2010-11-02","2010-11-25"
"2435","2010-11-03","2010-11-25"
"2436","2010-11-04","2010-11-25"
"2437","2010-11-08","2010-11-25"
"2438","2010-11-09","2010-11-25"
"2439","2010-11-10","2010-11-25"
"2440","2010-11-11","2010-11-25"
"2441","2010-11-12","2010-11-25"
"2442","2010-11-15","2010-11-25"
"2443","2010-11-16","2010-11-25"
"2444","2010-11-18","2010-11-25"
"2445","2010-11-19","2010-11-25"
"2446","2010-11-22","2010-11-25"
"2447","2010-11-23","2010-11-25"
"2448","2010-11-24","2010-11-25"
"2449","2010-11-25","2010-11-25"
"2450","2010-11-26","2010-12-30"
"2451","2010-11-29","2010-12-30"
"2452","2010-11-30","2010-12-30"
"2453","2010-12-01","2010-12-30"
"2454","2010-12-02","2010-12-30"
"2455","2010-12-03","2010-12-30"
"2456","2010-12-06","2010-12-30"
"2457","2010-12-07","2010-12-30"
"2458","2010-12-08","2010-12-30"
"2459","2010-12-09","2010-12-30"
"2460","2010-12-10","2010-12-30"
"2461","2010-12-13","2010-12-30"
"2462","2010-12-14","2010-12-30"
"2463","2010-12-15","2010-12-30"
"2464","2010-12-16","2010-12-30"
"2465","2010-12-20","2010-12-30"
"2466","2010-12-21","2010-12-30"
"2467","2010-12-22","2010-12-30"
"2468","2010-12-23","2010-12-30"
"2469","2010-12-24","2010-12-30"
"2470","2010-12-27","2010-12-30"
"2471","2010-12-28","2010-12-30"
"2472","2010-12-29","2010-12-30"
"2473","2010-12-30","2010-12-30"
"2474","2010-12-31","2011-01-27"
"2475","2011-01-03","2011-01-27"
"2476","2011-01-04","2011-01-27"
"2477","2011-01-05","2011-01-27"
"2478","2011-01-06","2011-01-27"
"2479","2011-01-07","2011-01-27"
"2480","2011-01-10","2011-01-27"
"2481","2011-01-11","2011-01-27"
"2482","2011-01-12","2011-01-27"
"2483","2011-01-13","2011-01-27"
"2484","2011-01-14","2011-01-27"
"2485","2011-01-17","2011-01-27"
"2486","2011-01-18","2011-01-27"
"2487","2011-01-19","2011-01-27"
"2488","2011-01-20","2011-01-27"
"2489","2011-01-21","2011-01-27"
"2490","2011-01-24","2011-01-27"
"2491","2011-01-25","2011-01-27"
"2492","2011-01-27","2011-01-27"
"2493","2011-01-28","2011-02-24"
"2494","2011-01-31","2011-02-24"
"2495","2011-02-01","2011-02-24"
"2496","2011-02-02","2011-02-24"
"2497","2011-02-03","2011-02-24"
"2498","2011-02-04","2011-02-24"
"2499","2011-02-07","2011-02-24"
"2500","2011-02-08","2011-02-24"
"2501","2011-02-09","2011-02-24"
"2502","2011-02-10","2011-02-24"
"2503","2011-02-11","2011-02-24"
"2504","2011-02-14","2011-02-24"
"2505","2011-02-15","2011-02-24"
"2506","2011-02-16","2011-02-24"
"2507","2011-02-17","2011-02-24"
"2508","2011-02-18","2011-02-24"
"2509","2011-02-21","2011-02-24"
"2510","2011-02-22","2011-02-24"
"2511","2011-02-23","2011-02-24"
"2512","2011-02-24","2011-02-24"
"2513","2011-02-25","2011-03-31"
"2514","2011-02-28","2011-03-31"
"2515","2011-03-01","2011-03-31"
"2516","2011-03-03","2011-03-31"
"2517","2011-03-04","2011-03-31"
"2518","2011-03-07","2011-03-31"
"2519","2011-03-08","2011-03-31"
"2520","2011-03-09","2011-03-31"
"2521","2011-03-10","2011-03-31"
"2522","2011-03-11","2011-03-31"
"2523","2011-03-14","2011-03-31"
"2524","2011-03-15","2011-03-31"
"2525","2011-03-16","2011-03-31"
"2526","2011-03-17","2011-03-31"
"2527","2011-03-18","2011-03-31"
"2528","2011-03-21","2011-03-31"
"2529","2011-03-22","2011-03-31"
"2530","2011-03-23","2011-03-31"
"2531","2011-03-24","2011-03-31"
"2532","2011-03-25","2011-03-31"
"2533","2011-03-28","2011-03-31"
"2534","2011-03-29","2011-03-31"
"2535","2011-03-30","2011-03-31"
"2536","2011-03-31","2011-03-31"
"2537","2011-04-01","2011-04-28"
"2538","2011-04-04","2011-04-28"
"2539","2011-04-05","2011-04-28"
"2540","2011-04-06","2011-04-28"
"2541","2011-04-07","2011-04-28"
"2542","2011-04-08","2011-04-28"
"2543","2011-04-11","2011-04-28"
"2544","2011-04-13","2011-04-28"
"2545","2011-04-15","2011-04-28"
"2546","2011-04-18","2011-04-28"
"2547","2011-04-19","2011-04-28"
"2548","2011-04-20","2011-04-28"
"2549","2011-04-21","2011-04-28"
"2550","2011-04-25","2011-04-28"
"2551","2011-04-26","2011-04-28"
"2552","2011-04-27","2011-04-28"
"2553","2011-04-28","2011-04-28"
"2554","2011-04-29","2011-05-26"
"2555","2011-05-02","2011-05-26"
"2556","2011-05-03","2011-05-26"
"2557","2011-05-04","2011-05-26"
"2558","2011-05-05","2011-05-26"
"2559","2011-05-06","2011-05-26"
"2560","2011-05-09","2011-05-26"
"2561","2011-05-10","2011-05-26"
"2562","2011-05-11","2011-05-26"
"2563","2011-05-12","2011-05-26"
"2564","2011-05-13","2011-05-26"
"2565","2011-05-16","2011-05-26"
"2566","2011-05-17","2011-05-26"
"2567","2011-05-18","2011-05-26"
"2568","2011-05-19","2011-05-26"
"2569","2011-05-20","2011-05-26"
"2570","2011-05-23","2011-05-26"
"2571","2011-05-24","2011-05-26"
"2572","2011-05-25","2011-05-26"
"2573","2011-05-26","2011-05-26"
"2574","2011-05-27","2011-06-30"
"2575","2011-05-30","2011-06-30"
"2576","2011-05-31","2011-06-30"
"2577","2011-06-01","2011-06-30"
"2578","2011-06-02","2011-06-30"
"2579","2011-06-03","2011-06-30"
"2580","2011-06-06","2011-06-30"
"2581","2011-06-07","2011-06-30"
"2582","2011-06-08","2011-06-30"
"2583","2011-06-09","2011-06-30"
"2584","2011-06-10","2011-06-30"
"2585","2011-06-13","2011-06-30"
"2586","2011-06-14","2011-06-30"
"2587","2011-06-15","2011-06-30"
"2588","2011-06-16","2011-06-30"
"2589","2011-06-17","2011-06-30"
"2590","2011-06-20","2011-06-30"
"2591","2011-06-21","2011-06-30"
"2592","2011-06-22","2011-06-30"
"2593","2011-06-23","2011-06-30"
"2594","2011-06-24","2011-06-30"
"2595","2011-06-27","2011-06-30"
"2596","2011-06-28","2011-06-30"
"2597","2011-06-29","2011-06-30"
"2598","2011-06-30","2011-06-30"
"2599","2011-07-01","2011-07-28"
"2600","2011-07-04","2011-07-28"
"2601","2011-07-05","2011-07-28"
"2602","2011-07-06","2011-07-28"
"2603","2011-07-07","2011-07-28"
"2604","2011-07-08","2011-07-28"
"2605","2011-07-11","2011-07-28"
"2606","2011-07-12","2011-07-28"
"2607","2011-07-13","2011-07-28"
"2608","2011-07-14","2011-07-28"
"2609","2011-07-15","2011-07-28"
"2610","2011-07-18","2011-07-28"
"2611","2011-07-19","2011-07-28"
"2612","2011-07-20","2011-07-28"
"2613","2011-07-21","2011-07-28"
"2614","2011-07-22","2011-07-28"
"2615","2011-07-25","2011-07-28"
"2616","2011-07-26","2011-07-28"
"2617","2011-07-27","2011-07-28"
"2618","2011-07-28","2011-07-28"
"2619","2011-07-29","2011-08-25"
"2620","2011-08-01","2011-08-25"
"2621","2011-08-02","2011-08-25"
"2622","2011-08-03","2011-08-25"
"2623","2011-08-04","2011-08-25"
"2624","2011-08-05","2011-08-25"
"2625","2011-08-08","2011-08-25"
"2626","2011-08-09","2011-08-25"
"2627","2011-08-10","2011-08-25"
"2628","2011-08-11","2011-08-25"
"2629","2011-08-12","2011-08-25"
"2630","2011-08-16","2011-08-25"
"2631","2011-08-17","2011-08-25"
"2632","2011-08-18","2011-08-25"
"2633","2011-08-19","2011-08-25"
"2634","2011-08-22","2011-08-25"
"2635","2011-08-23","2011-08-25"
"2636","2011-08-24","2011-08-25"
"2637","2011-08-25","2011-08-25"
"2638","2011-08-26","2011-09-29"
"2639","2011-08-29","2011-09-29"
"2640","2011-08-30","2011-09-29"
"2641","2011-09-02","2011-09-29"
"2642","2011-09-05","2011-09-29"
"2643","2011-09-06","2011-09-29"
"2644","2011-09-07","2011-09-29"
"2645","2011-09-08","2011-09-29"
"2646","2011-09-09","2011-09-29"
"2647","2011-09-12","2011-09-29"
"2648","2011-09-13","2011-09-29"
"2649","2011-09-14","2011-09-29"
"2650","2011-09-15","2011-09-29"
"2651","2011-09-16","2011-09-29"
"2652","2011-09-19","2011-09-29"
"2653","2011-09-20","2011-09-29"
"2654","2011-09-21","2011-09-29"
"2655","2011-09-22","2011-09-29"
"2656","2011-09-23","2011-09-29"
"2657","2011-09-26","2011-09-29"
"2658","2011-09-27","2011-09-29"
"2659","2011-09-28","2011-09-29"
"2660","2011-09-29","2011-09-29"
"2661","2011-09-30","2011-10-25"
"2662","2011-10-03","2011-10-25"
"2663","2011-10-04","2011-10-25"
"2664","2011-10-05","2011-10-25"
"2665","2011-10-07","2011-10-25"
"2666","2011-10-10","2011-10-25"
"2667","2011-10-11","2011-10-25"
"2668","2011-10-12","2011-10-25"
"2669","2011-10-13","2011-10-25"
"2670","2011-10-14","2011-10-25"
"2671","2011-10-17","2011-10-25"
"2672","2011-10-18","2011-10-25"
"2673","2011-10-19","2011-10-25"
"2674","2011-10-20","2011-10-25"
"2675","2011-10-21","2011-10-25"
"2676","2011-10-24","2011-10-25"
"2677","2011-10-25","2011-10-25"
"2678","2011-10-28","2011-11-24"
"2679","2011-10-31","2011-11-24"
"2680","2011-11-01","2011-11-24"
"2681","2011-11-02","2011-11-24"
"2682","2011-11-03","2011-11-24"
"2683","2011-11-04","2011-11-24"
"2684","2011-11-08","2011-11-24"
"2685","2011-11-09","2011-11-24"
"2686","2011-11-11","2011-11-24"
"2687","2011-11-14","2011-11-24"
"2688","2011-11-15","2011-11-24"
"2689","2011-11-16","2011-11-24"
"2690","2011-11-17","2011-11-24"
"2691","2011-11-18","2011-11-24"
"2692","2011-11-21","2011-11-24"
"2693","2011-11-22","2011-11-24"
"2694","2011-11-23","2011-11-24"
"2695","2011-11-24","2011-11-24"
"2696","2011-11-25","2011-12-29"
"2697","2011-11-28","2011-12-29"
"2698","2011-11-29","2011-12-29"
"2699","2011-11-30","2011-12-29"
"2700","2011-12-01","2011-12-29"
"2701","2011-12-02","2011-12-29"
"2702","2011-12-05","2011-12-29"
"2703","2011-12-07","2011-12-29"
"2704","2011-12-08","2011-12-29"
"2705","2011-12-09","2011-12-29"
"2706","2011-12-12","2011-12-29"
"2707","2011-12-13","2011-12-29"
"2708","2011-12-14","2011-12-29"
"2709","2011-12-15","2011-12-29"
"2710","2011-12-16","2011-12-29"
"2711","2011-12-19","2011-12-29"
"2712","2011-12-20","2011-12-29"
"2713","2011-12-21","2011-12-29"
"2714","2011-12-22","2011-12-29"
