2010-11-03  09:15:00,880.00,880.00,870.00,870.25,209,874.41,0,9
2010-11-03  09:16:00,873.00,874.10,871.00,873.90,170,873.27,0,17
2010-11-03  09:17:00,874.00,874.00,873.00,874.00,271,873.88,0,12
2010-11-03  09:18:00,874.00,876.00,873.50,876.00,124,874.18,0,10
2010-11-03  09:19:00,876.00,878.00,876.00,877.90,408,877.415,0,11
2010-11-03  09:20:00,877.90,877.90,876.15,876.15,275,877.705,0,14
2010-11-03  09:21:00,876.15,877.90,873.70,874.15,110,876.60,0,13
2010-11-03  09:22:00,874.15,874.20,873.20,874.00,175,873.815,0,10
2010-11-03  09:23:00,873.90,874.00,872.10,873.85,231,873.045,0,8
2010-11-03  09:24:00,872.95,873.70,861.00,871.00,103,872.735,0,14
2010-11-03  09:25:00,868.20,870.80,861.00,866.50,120,867.285,0,18
2010-11-03  09:26:00,865.10,867.90,865.10,867.10,486,866.565,0,14
2010-11-03  09:27:00,867.00,871.90,867.00,871.90,77,870.25,0,9
2010-11-03  09:28:00,871.90,871.90,869.00,869.75,138,870.15,0,15
2010-11-03  09:29:00,869.00,869.90,868.90,869.90,60,869.30,0,8
2010-11-03  09:30:00,870.95,871.80,868.10,869.50,76,870.53,0,10
2010-11-03  09:31:00,869.70,869.70,868.35,869.60,97,868.53,0,5
2010-11-03  09:32:00,870.00,870.10,869.10,869.35,68,869.98,0,6
2010-11-03  09:33:00,869.40,870.50,869.40,870.50,34,870.42,0,7
2010-11-03  09:34:00,869.40,870.50,869.40,870.40,45,869.65,0,5
2010-11-03  09:35:00,870.50,870.50,869.30,869.30,80,869.775,0,10
2010-11-03  09:36:00,869.85,869.85,868.80,869.00,71,869.105,0,9
2010-11-03  09:37:00,868.70,869.40,868.40,868.40,69,868.82,0,8
2010-11-03  09:38:00,868.40,868.55,868.40,868.40,36,868.465,0,4
2010-11-03  09:39:00,868.55,869.50,868.40,869.40,83,869.095,0,6
2010-11-03  09:40:00,869.00,870.50,869.00,870.50,341,869.80,0,11
2010-11-03  09:41:00,870.50,870.80,870.00,870.00,161,870.65,0,13
2010-11-03  09:42:00,869.50,870.50,869.50,870.45,191,870.235,0,9
2010-11-03  09:43:00,870.45,870.45,869.40,869.45,314,870.30,0,12
2010-11-03  09:44:00,870.00,870.20,869.40,869.40,54,870.05,0,3
2010-11-03  09:45:00,869.50,870.90,869.50,870.90,526,870.125,0,9
2010-11-03  09:46:00,870.45,873.90,870.45,873.00,456,872.32,0,20
2010-11-03  09:47:00,873.80,876.05,872.50,876.05,258,874.20,0,16
2010-11-03  09:48:00,876.05,878.00,875.00,878.00,368,876.57,0,22
2010-11-03  09:49:00,878.00,878.50,876.65,877.75,403,878.115,0,18
2010-11-03  09:50:00,877.75,878.00,876.25,876.55,228,877.43,0,17
2010-11-03  09:51:00,876.60,877.50,876.55,877.50,581,877.345,0,13
2010-11-03  09:52:00,877.00,877.50,877.00,877.00,116,877.065,0,10
2010-11-03  09:53:00,877.00,877.50,877.00,877.45,98,877.345,0,11
2010-11-03  09:54:00,877.50,877.50,876.65,877.30,285,877.05,0,6
2010-11-03  09:55:00,877.00,877.80,876.75,876.75,195,876.86,0,14
2010-11-03  09:56:00,876.75,877.00,876.75,876.75,124,876.90,0,6
2010-11-03  09:57:00,877.00,877.00,876.75,876.75,99,876.76,0,8
2010-11-03  09:58:00,876.80,877.00,876.60,877.00,58,876.76,0,8
2010-11-03  09:59:00,876.70,876.70,874.05,874.05,92,874.805,0,9
2010-11-03  10:00:00,875.80,875.90,874.00,875.70,378,874.63,0,12
2010-11-03  10:01:00,873.90,875.85,873.90,875.50,40,875.535,0,6
2010-11-03  10:02:00,875.45,875.45,873.85,873.90,164,874.355,0,8
2010-11-03  10:03:00,873.90,874.80,873.90,874.80,47,874.38,0,8
2010-11-03  10:04:00,873.90,873.90,873.00,873.35,97,873.015,0,5
2010-11-03  10:05:00,874.50,874.95,873.55,874.95,102,874.495,0,3
2010-11-03  10:06:00,875.70,875.70,874.30,874.30,254,875.35,0,7
2010-11-03  10:07:00,875.00,877.00,875.00,876.90,225,876.485,0,9
2010-11-03  10:08:00,876.90,876.95,873.05,873.25,105,874.445,0,6
2010-11-03  10:09:00,874.25,876.45,874.25,876.45,71,874.74,0,5
2010-11-03  10:10:00,875.15,875.90,874.80,874.80,22,875.105,0,5
2010-11-03  10:11:00,875.55,875.55,873.65,873.65,184,874.11,0,5
2010-11-03  10:12:00,874.10,874.70,874.10,874.70,18,874.44,0,3
2010-11-03  10:13:00,874.15,874.15,873.05,873.05,24,873.475,0,7
2010-11-03  10:14:00,873.05,875.00,873.05,875.00,38,873.67,0,9
2010-11-03  10:15:00,874.00,875.90,874.00,875.50,119,875.64,0,6
2010-11-03  10:16:00,875.45,875.45,875.00,875.00,110,875.41,0,2
2010-11-03  10:17:00,875.00,875.00,874.60,874.60,65,874.975,0,7
2010-11-03  10:18:00,875.45,875.45,873.00,874.95,102,874.93,0,8
2010-11-03  10:19:00,874.75,874.75,874.00,874.00,3,874.25,0,3
2010-11-03  10:20:00,874.25,874.25,874.25,874.25,7,874.25,0,4
2010-11-03  10:21:00,874.80,874.95,873.00,874.95,79,873.37,0,4
2010-11-03  10:22:00,874.95,874.95,873.35,873.35,119,874.30,0,8
2010-11-03  10:23:00,873.80,873.80,873.80,873.80,70,873.80,0,2
2010-11-03  10:24:00,874.05,874.95,874.05,874.95,44,874.55,0,5
2010-11-03  10:25:00,874.10,874.70,874.10,874.10,30,874.335,0,9
2010-11-03  10:26:00,874.10,874.50,873.00,874.50,54,873.20,0,5
2010-11-03  10:27:00,873.35,874.40,873.35,873.40,46,873.40,0,6
2010-11-03  10:28:00,874.30,874.30,873.00,874.00,20,873.79,0,6
2010-11-03  10:29:00,873.00,874.50,873.00,873.95,85,873.18,0,5
2010-11-03  10:30:00,873.50,873.50,873.00,873.00,25,873.04,0,2
2010-11-03  10:31:00,873.00,873.00,873.00,873.00,96,873.00,0,4
2010-11-03  10:32:00,873.85,873.85,873.85,873.85,27,873.85,0,3
2010-11-03  10:33:00,872.50,874.05,872.00,873.00,565,872.11,0,8
2010-11-03  10:34:00,873.05,874.00,873.05,874.00,38,873.965,0,7
2010-11-03  10:35:00,875.00,875.00,874.05,874.10,91,874.155,0,4
2010-11-03  10:36:00,874.10,874.85,874.10,874.25,27,874.315,0,5
2010-11-03  10:37:00,874.50,874.50,872.25,872.25,47,874.08,0,6
2010-11-03  10:38:00,874.00,874.00,873.00,873.00,74,873.07,0,3
2010-11-03  10:39:00,872.70,873.50,872.60,873.50,40,872.94,0,6
2010-11-03  10:40:00,872.60,872.60,872.05,872.05,94,872.35,0,6
2010-11-03  10:41:00,872.15,872.50,872.00,872.50,36,872.095,0,7
2010-11-03  10:42:00,872.50,872.50,872.50,872.50,20,872.50,0,1
2010-11-03  10:43:00,872.50,873.00,872.50,873.00,6,872.915,0,2
2010-11-03  10:44:00,873.80,873.80,873.15,873.15,16,873.19,0,3
2010-11-03  10:45:00,873.10,873.10,872.00,872.00,36,872.595,0,7
2010-11-03  10:46:00,871.75,871.75,869.40,869.45,108,870.15,0,12
2010-11-03  10:47:00,869.50,870.00,869.50,870.00,68,869.96,0,6
2010-11-03  10:48:00,870.00,870.00,870.00,870.00,28,870.00,0,4
2010-11-03  10:49:00,870.00,871.00,870.00,871.00,175,870.095,0,4
2010-11-03  10:50:00,871.00,871.00,870.30,870.30,159,870.76,0,6
2010-11-03  10:51:00,871.00,871.50,871.00,871.50,30,871.465,0,3
2010-11-03  10:52:00,871.50,871.50,871.50,871.50,0,871.50,0,0
2010-11-03  10:53:00,870.55,871.70,870.30,870.30,58,870.735,0,5
2010-11-03  10:54:00,870.30,870.30,868.95,868.95,83,869.32,0,8
2010-11-03  10:55:00,869.00,869.45,868.65,869.00,43,868.86,0,6
2010-11-03  10:56:00,869.50,869.50,869.50,869.50,30,869.50,0,2
2010-11-03  10:57:00,869.30,869.85,869.10,869.10,152,869.79,0,3
2010-11-03  10:58:00,869.95,872.15,869.95,872.15,345,870.005,0,5
2010-11-03  10:59:00,872.15,872.15,871.05,871.90,18,871.97,0,3
2010-11-03  11:00:00,871.20,871.85,871.20,871.25,34,871.555,0,4
2010-11-03  11:01:00,871.85,872.30,871.85,872.30,48,871.93,0,3
2010-11-03  11:02:00,873.00,873.85,873.00,873.80,67,873.125,0,5
2010-11-03  11:03:00,873.20,873.80,873.20,873.50,13,873.59,0,4
2010-11-03  11:04:00,873.80,873.80,873.50,873.50,26,873.73,0,4
2010-11-03  11:05:00,873.80,873.80,873.80,873.80,1,873.80,0,1
2010-11-03  11:06:00,873.80,873.80,873.80,873.80,1,873.80,0,1
2010-11-03  11:07:00,873.80,873.80,873.80,873.80,0,873.80,0,0
2010-11-03  11:08:00,873.50,873.75,873.50,873.75,42,873.725,0,3
2010-11-03  11:09:00,873.75,873.75,873.00,873.00,148,873.155,0,4
2010-11-03  11:10:00,872.20,872.20,872.20,872.20,10,872.20,0,1
2010-11-03  11:11:00,872.30,872.30,872.05,872.05,11,872.075,0,2
2010-11-03  11:12:00,872.05,872.80,872.00,872.80,49,872.175,0,5
2010-11-03  11:13:00,872.80,872.80,872.00,872.00,2,872.40,0,2
2010-11-03  11:14:00,872.90,873.00,872.90,873.00,17,872.965,0,3
2010-11-03  11:15:00,873.10,873.10,873.10,873.10,5,873.10,0,1
2010-11-03  11:16:00,873.25,873.25,873.25,873.25,1,873.25,0,1
2010-11-03  11:17:00,873.25,874.00,872.90,874.00,106,873.92,0,6
2010-11-03  11:18:00,874.00,874.00,873.00,873.50,189,873.445,0,14
2010-11-03  11:19:00,873.50,873.50,873.10,873.10,17,873.265,0,3
2010-11-03  11:20:00,873.10,873.10,873.10,873.10,52,873.10,0,2
2010-11-03  11:21:00,873.10,873.10,873.10,873.10,0,873.10,0,0
2010-11-03  11:22:00,873.10,873.10,873.10,873.10,0,873.10,0,0
2010-11-03  11:23:00,873.50,873.50,873.10,873.10,2,873.30,0,2
2010-11-03  11:24:00,873.10,873.50,873.10,873.15,15,873.375,0,4
2010-11-03  11:25:00,873.50,873.50,873.15,873.50,28,873.475,0,6
2010-11-03  11:26:00,873.10,873.45,872.90,873.45,53,873.105,0,7
2010-11-03  11:27:00,873.45,873.50,873.45,873.50,9,873.48,0,2
2010-11-03  11:28:00,873.50,874.00,873.50,874.00,44,873.885,0,4
2010-11-03  11:29:00,873.20,874.70,873.20,874.70,66,874.465,0,4
2010-11-03  11:30:00,873.30,873.30,873.30,873.30,1,873.30,0,1
2010-11-03  11:31:00,873.30,874.80,873.30,873.30,131,874.375,0,5
2010-11-03  11:32:00,873.30,873.30,873.30,873.30,0,873.30,0,0
2010-11-03  11:33:00,873.15,873.15,873.15,873.15,27,873.15,0,4
2010-11-03  11:34:00,873.00,873.15,872.90,873.00,146,872.99,0,6
2010-11-03  11:35:00,872.90,873.50,872.90,873.50,39,873.285,0,2
2010-11-03  11:36:00,873.50,873.50,873.50,873.50,0,873.50,0,0
2010-11-03  11:37:00,873.50,873.50,873.50,873.50,0,873.50,0,0
2010-11-03  11:38:00,873.50,873.50,873.50,873.50,0,873.50,0,0
2010-11-03  11:39:00,873.05,873.05,872.90,873.00,83,873.015,0,11
2010-11-03  11:40:00,873.30,873.30,873.10,873.10,55,873.135,0,5
2010-11-03  11:41:00,873.50,873.50,873.15,873.15,332,873.165,0,5
2010-11-03  11:42:00,873.50,873.50,873.50,873.50,5,873.50,0,1
2010-11-03  11:43:00,873.50,873.50,872.90,872.90,33,873.045,0,2
2010-11-03  11:44:00,874.00,874.00,874.00,874.00,18,874.00,0,1
2010-11-03  11:45:00,874.00,874.00,874.00,874.00,18,874.00,0,4
2010-11-03  11:46:00,874.40,874.40,873.30,873.30,25,874.225,0,2
2010-11-03  11:47:00,873.30,873.30,873.30,873.30,0,873.30,0,0
2010-11-03  11:48:00,873.40,874.45,873.40,874.45,7,874.30,0,2
2010-11-03  11:49:00,874.45,874.45,874.45,874.45,0,874.45,0,0
2010-11-03  11:50:00,874.45,874.45,874.45,874.45,0,874.45,0,0
2010-11-03  11:51:00,874.40,874.40,874.20,874.20,58,874.215,0,4
2010-11-03  11:52:00,874.00,874.00,874.00,874.00,7,874.00,0,2
2010-11-03  11:53:00,874.50,874.50,874.50,874.50,15,874.50,0,2
2010-11-03  11:54:00,874.50,874.50,874.50,874.50,55,874.50,0,4
2010-11-03  11:55:00,874.00,874.50,873.30,874.50,33,874.075,0,4
2010-11-03  11:56:00,873.35,873.35,873.35,873.35,17,873.35,0,1
2010-11-03  11:57:00,874.80,874.80,874.80,874.80,2,874.80,0,1
2010-11-03  11:58:00,873.60,873.60,873.60,873.60,1,873.60,0,1
2010-11-03  11:59:00,874.10,874.10,874.10,874.10,7,874.10,0,2
2010-11-03  12:00:00,874.10,874.10,873.25,873.25,8,873.57,0,2
2010-11-03  12:01:00,873.25,873.25,873.25,873.25,23,873.25,0,1
2010-11-03  12:02:00,873.25,873.25,873.25,873.25,0,873.25,0,0
2010-11-03  12:03:00,873.25,874.45,873.25,874.45,7,873.765,0,5
2010-11-03  12:04:00,874.45,874.45,874.45,874.45,0,874.45,0,0
2010-11-03  12:05:00,873.30,873.30,873.30,873.30,4,873.30,0,1
2010-11-03  12:06:00,873.20,873.20,872.50,872.50,48,872.935,0,2
2010-11-03  12:07:00,872.55,872.55,872.55,872.55,2,872.55,0,1
2010-11-03  12:08:00,872.55,872.60,872.55,872.60,17,872.58,0,3
2010-11-03  12:09:00,872.60,872.60,872.60,872.60,3,872.60,0,1
2010-11-03  12:10:00,872.60,872.60,872.60,872.60,9,872.60,0,3
2010-11-03  12:11:00,872.50,872.50,872.50,872.50,1,872.50,0,1
2010-11-03  12:12:00,872.50,872.50,872.50,872.50,4,872.50,0,1
2010-11-03  12:13:00,872.55,872.55,872.55,872.55,2,872.55,0,1
2010-11-03  12:14:00,873.70,873.70,872.50,872.50,22,873.07,0,3
2010-11-03  12:15:00,872.55,872.55,872.55,872.55,7,872.55,0,1
2010-11-03  12:16:00,872.55,872.95,872.55,872.95,19,872.57,0,2
2010-11-03  12:17:00,872.60,873.00,872.60,873.00,9,872.865,0,3
2010-11-03  12:18:00,872.10,872.75,871.10,871.50,320,871.765,0,10
2010-11-03  12:19:00,872.60,872.60,871.65,872.35,15,872.385,0,3
2010-11-03  12:20:00,871.65,871.65,870.20,870.30,388,870.88,0,10
2010-11-03  12:21:00,870.30,871.00,870.30,870.50,286,870.505,0,8
2010-11-03  12:22:00,870.50,870.50,870.05,870.05,270,870.06,0,6
2010-11-03  12:23:00,871.00,871.00,871.00,871.00,1,871.00,0,1
2010-11-03  12:24:00,870.10,870.10,870.05,870.05,15,870.055,0,2
2010-11-03  12:25:00,870.05,870.05,870.05,870.05,8,870.05,0,1
2010-11-03  12:26:00,870.05,870.05,870.05,870.05,0,870.05,0,0
2010-11-03  12:27:00,870.15,870.25,870.15,870.25,38,870.155,0,2
2010-11-03  12:28:00,871.00,871.00,871.00,871.00,10,871.00,0,1
2010-11-03  12:29:00,871.00,871.00,871.00,871.00,0,871.00,0,0
2010-11-03  12:30:00,871.05,871.95,870.80,871.95,35,870.995,0,5
2010-11-03  12:31:00,872.50,872.75,872.00,872.00,50,872.575,0,4
2010-11-03  12:32:00,872.00,872.20,872.00,872.20,3,872.065,0,2
2010-11-03  12:33:00,873.00,873.00,870.30,870.30,23,870.645,0,4
2010-11-03  12:34:00,872.30,872.30,872.30,872.30,1,872.30,0,1
2010-11-03  12:35:00,870.50,870.50,870.05,870.05,56,870.10,0,5
2010-11-03  12:36:00,870.10,870.75,870.10,870.75,2,870.425,0,2
2010-11-03  12:37:00,870.75,871.00,870.50,870.50,58,870.73,0,5
2010-11-03  12:38:00,870.30,870.50,870.05,870.50,35,870.12,0,4
2010-11-03  12:39:00,871.00,871.00,869.90,869.90,99,870.06,0,6
2010-11-03  12:40:00,869.90,870.05,869.10,870.05,26,869.90,0,6
2010-11-03  12:41:00,870.20,870.70,869.40,870.70,4,870.25,0,3
2010-11-03  12:42:00,871.00,871.00,870.15,870.50,19,870.48,0,5
2010-11-03  12:43:00,870.20,870.20,870.20,870.20,5,870.20,0,2
2010-11-03  12:44:00,870.10,870.10,869.10,869.10,3,869.765,0,2
2010-11-03  12:45:00,869.40,870.00,869.40,870.00,3,869.80,0,3
2010-11-03  12:46:00,870.00,870.00,870.00,870.00,9,870.00,0,1
2010-11-03  12:47:00,870.00,870.00,870.00,870.00,78,870.00,0,2
2010-11-03  12:48:00,871.00,871.00,869.55,869.55,66,870.935,0,4
2010-11-03  12:49:00,869.55,870.90,869.55,870.90,17,870.345,0,2
2010-11-03  12:50:00,870.05,870.95,870.05,870.05,16,870.33,0,6
2010-11-03  12:51:00,870.00,871.45,870.00,871.45,13,870.11,0,3
2010-11-03  12:52:00,871.50,871.50,870.05,870.05,14,870.57,0,2
2010-11-03  12:53:00,870.05,870.05,870.00,870.00,36,870.035,0,4
2010-11-03  12:54:00,869.50,870.00,869.50,870.00,198,869.69,0,7
2010-11-03  12:55:00,869.50,869.50,869.10,869.10,143,869.485,0,6
2010-11-03  12:56:00,869.40,870.80,869.40,870.80,101,869.415,0,3
2010-11-03  12:57:00,871.00,871.00,870.00,871.00,10,870.20,0,4
2010-11-03  12:58:00,870.00,870.00,868.25,868.25,252,869.085,0,5
2010-11-03  12:59:00,868.35,869.50,868.35,868.40,202,869.30,0,8
2010-11-03  13:00:00,868.45,868.45,868.45,868.45,20,868.45,0,1
2010-11-03  13:01:00,868.60,869.20,868.60,869.20,76,869.09,0,3
2010-11-03  13:02:00,869.20,870.00,869.20,870.00,73,869.285,0,5
2010-11-03  13:03:00,871.40,871.40,870.90,870.90,29,871.02,0,2
2010-11-03  13:04:00,870.90,870.90,870.90,870.90,0,870.90,0,0
2010-11-03  13:05:00,870.00,870.00,869.90,869.90,13,869.96,0,2
2010-11-03  13:06:00,869.90,869.90,869.90,869.90,0,869.90,0,0
2010-11-03  13:07:00,869.45,869.45,869.45,869.45,10,869.45,0,1
2010-11-03  13:08:00,869.05,869.05,869.00,869.00,10,869.04,0,3
2010-11-03  13:09:00,868.55,869.00,868.55,869.00,84,868.575,0,4
2010-11-03  13:10:00,869.00,869.00,869.00,869.00,0,869.00,0,0
2010-11-03  13:11:00,869.00,869.00,869.00,869.00,0,869.00,0,0
2010-11-03  13:12:00,869.00,869.00,869.00,869.00,1,869.00,0,1
2010-11-03  13:13:00,868.60,868.60,868.60,868.60,21,868.60,0,2
2010-11-03  13:14:00,868.55,868.60,868.55,868.60,76,868.55,0,2
2010-11-03  13:15:00,868.60,868.60,868.60,868.60,0,868.60,0,0
2010-11-03  13:16:00,868.55,868.90,868.55,868.90,76,868.67,0,4
2010-11-03  13:17:00,868.50,868.50,868.50,868.50,50,868.50,0,1
2010-11-03  13:18:00,868.20,868.80,868.20,868.20,50,868.21,0,3
2010-11-03  13:19:00,868.20,868.50,868.20,868.20,46,868.33,0,3
2010-11-03  13:20:00,868.20,868.20,868.10,868.10,12,868.19,0,3
2010-11-03  13:21:00,867.00,867.00,867.00,867.00,55,867.00,0,2
2010-11-03  13:22:00,867.10,867.10,867.10,867.10,40,867.10,0,2
2010-11-03  13:23:00,867.10,868.10,867.10,868.10,26,868.06,0,2
2010-11-03  13:24:00,867.00,867.10,866.15,867.10,12,866.91,0,4
2010-11-03  13:25:00,867.10,867.10,867.10,867.10,23,867.10,0,5
2010-11-03  13:26:00,866.10,866.10,866.10,866.10,19,866.10,0,1
2010-11-03  13:27:00,867.00,867.00,866.35,866.45,13,866.475,0,6
2010-11-03  13:28:00,866.50,866.50,866.45,866.50,129,866.495,0,4
2010-11-03  13:29:00,868.10,868.10,866.50,867.90,52,867.095,0,4
2010-11-03  13:30:00,867.90,867.90,867.00,867.00,126,867.185,0,4
2010-11-03  13:31:00,867.95,867.95,867.00,867.00,7,867.135,0,2
2010-11-03  13:32:00,867.00,868.00,867.00,867.95,65,867.98,0,4
2010-11-03  13:33:00,868.00,868.00,867.95,868.00,44,867.975,0,5
2010-11-03  13:34:00,867.15,867.15,867.15,867.15,15,867.15,0,1
2010-11-03  13:35:00,867.15,867.15,867.15,867.15,0,867.15,0,0
2010-11-03  13:36:00,867.15,867.90,867.15,867.90,49,867.885,0,2
2010-11-03  13:37:00,867.90,867.90,867.00,867.75,65,867.15,0,4
2010-11-03  13:38:00,867.00,867.85,867.00,867.85,58,867.645,0,6
2010-11-03  13:39:00,867.75,867.75,867.05,867.70,12,867.665,0,3
2010-11-03  13:40:00,867.95,867.95,867.80,867.80,7,867.85,0,7
2010-11-03  13:41:00,867.30,867.30,867.00,867.30,25,867.24,0,3
2010-11-03  13:42:00,867.30,867.50,867.30,867.50,11,867.48,0,2
2010-11-03  13:43:00,867.50,867.50,867.05,867.05,94,867.435,0,7
2010-11-03  13:44:00,867.05,867.65,867.05,867.65,23,867.56,0,3
2010-11-03  13:45:00,867.00,867.00,866.00,866.00,69,866.305,0,5
2010-11-03  13:46:00,866.00,866.00,866.00,866.00,0,866.00,0,0
2010-11-03  13:47:00,866.50,867.40,866.50,866.50,33,866.665,0,3
2010-11-03  13:48:00,867.00,867.00,867.00,867.00,10,867.00,0,2
2010-11-03  13:49:00,867.00,867.00,867.00,867.00,0,867.00,0,0
2010-11-03  13:50:00,866.75,867.00,866.75,867.00,14,866.98,0,3
2010-11-03  13:51:00,867.50,867.50,867.50,867.50,8,867.50,0,1
2010-11-03  13:52:00,867.50,867.50,867.50,867.50,5,867.50,0,2
2010-11-03  13:53:00,867.50,867.50,867.50,867.50,0,867.50,0,0
2010-11-03  13:54:00,866.75,866.75,866.75,866.75,14,866.75,0,3
2010-11-03  13:55:00,867.00,867.00,867.00,867.00,20,867.00,0,1
2010-11-03  13:56:00,867.40,867.50,867.40,867.50,20,867.46,0,2
2010-11-03  13:57:00,867.50,867.50,867.50,867.50,0,867.50,0,0
2010-11-03  13:58:00,867.65,867.65,867.65,867.65,8,867.65,0,3
2010-11-03  13:59:00,867.00,867.00,866.55,866.55,25,866.91,0,4
2010-11-03  14:00:00,867.00,867.00,865.00,865.00,83,865.715,0,6
2010-11-03  14:01:00,866.05,867.60,866.05,867.60,50,866.36,0,2
2010-11-03  14:02:00,867.65,867.65,867.65,867.65,53,867.65,0,1
2010-11-03  14:03:00,867.65,867.65,867.65,867.65,0,867.65,0,0
2010-11-03  14:04:00,866.45,866.45,866.45,866.45,36,866.45,0,3
2010-11-03  14:05:00,866.45,866.45,866.45,866.45,0,866.45,0,0
2010-11-03  14:06:00,867.00,867.40,867.00,867.40,35,867.115,0,2
2010-11-03  14:07:00,867.00,867.40,867.00,867.40,2,867.20,0,2
2010-11-03  14:08:00,867.40,868.10,867.40,868.10,311,867.51,0,6
2010-11-03  14:09:00,868.10,868.45,868.10,868.45,45,868.265,0,4
2010-11-03  14:10:00,868.00,868.00,868.00,868.00,15,868.00,0,1
2010-11-03  14:11:00,868.00,868.00,868.00,868.00,0,868.00,0,0
2010-11-03  14:12:00,868.50,868.50,868.50,868.50,8,868.50,0,2
2010-11-03  14:13:00,868.50,868.65,867.55,867.60,54,868.18,0,7
2010-11-03  14:14:00,867.60,868.90,867.50,868.90,22,868.775,0,3
2010-11-03  14:15:00,868.90,868.90,868.90,868.90,11,868.90,0,2
2010-11-03  14:16:00,868.90,868.90,868.90,868.90,69,868.90,0,1
2010-11-03  14:17:00,868.90,868.90,867.70,867.70,111,868.045,0,4
2010-11-03  14:18:00,867.75,867.75,867.75,867.75,6,867.75,0,3
2010-11-03  14:19:00,867.75,867.75,867.75,867.75,0,867.75,0,0
2010-11-03  14:20:00,867.80,867.80,867.80,867.80,7,867.80,0,1
2010-11-03  14:21:00,867.20,867.20,867.00,867.00,31,867.18,0,3
2010-11-03  14:22:00,867.80,867.80,867.50,867.50,7,867.715,0,2
2010-11-03  14:23:00,867.10,867.50,867.00,867.00,172,867.08,0,7
2010-11-03  14:24:00,867.50,867.80,867.50,867.50,26,867.58,0,4
2010-11-03  14:25:00,867.50,867.50,866.00,867.50,9,867.165,0,3
2010-11-03  14:26:00,866.25,866.25,866.25,866.25,12,866.25,0,3
2010-11-03  14:27:00,866.00,866.00,866.00,866.00,55,866.00,0,3
2010-11-03  14:28:00,866.00,866.50,866.00,866.00,15,866.065,0,3
2010-11-03  14:29:00,867.75,868.90,866.25,868.90,65,867.765,0,6
2010-11-03  14:30:00,866.60,868.85,866.60,867.35,3,867.60,0,3
2010-11-03  14:31:00,867.15,868.65,867.15,868.65,4,867.90,0,2
2010-11-03  14:32:00,868.90,868.90,866.45,866.60,71,868.085,0,7
2010-11-03  14:33:00,866.60,866.60,866.60,866.60,0,866.60,0,0
2010-11-03  14:34:00,867.30,868.00,866.50,868.00,15,867.305,0,5
2010-11-03  14:35:00,868.00,868.00,868.00,868.00,3,868.00,0,1
2010-11-03  14:36:00,867.95,867.95,867.95,867.95,10,867.95,0,1
2010-11-03  14:37:00,867.95,867.95,867.95,867.95,0,867.95,0,0
2010-11-03  14:38:00,867.05,867.95,867.05,867.95,64,867.935,0,2
2010-11-03  14:39:00,867.95,867.95,867.95,867.95,11,867.95,0,2
2010-11-03  14:40:00,867.95,867.95,867.95,867.95,82,867.95,0,4
2010-11-03  14:41:00,868.00,868.00,867.00,867.00,24,867.675,0,3
2010-11-03  14:42:00,867.00,867.00,867.00,867.00,0,867.00,0,0
2010-11-03  14:43:00,867.05,868.00,867.05,868.00,9,867.895,0,2
2010-11-03  14:44:00,868.00,868.00,868.00,868.00,0,868.00,0,0
2010-11-03  14:45:00,868.00,868.70,867.55,867.55,40,868.02,0,5
2010-11-03  14:46:00,867.50,868.50,866.25,866.45,137,866.65,0,4
2010-11-03  14:47:00,866.50,866.50,865.10,865.20,50,866.065,0,6
2010-11-03  14:48:00,865.00,866.00,865.00,866.00,262,865.81,0,7
2010-11-03  14:49:00,865.15,866.00,865.15,866.00,161,865.995,0,4
2010-11-03  14:50:00,868.00,868.60,868.00,868.50,7,868.445,0,3
2010-11-03  14:51:00,866.00,866.00,865.00,865.00,61,865.095,0,7
2010-11-03  14:52:00,865.00,865.00,863.00,863.05,112,863.525,0,5
2010-11-03  14:53:00,863.10,863.10,862.25,863.00,41,862.96,0,4
2010-11-03  14:54:00,863.00,863.00,862.00,862.00,120,862.14,0,5
2010-11-03  14:55:00,862.95,863.00,862.00,863.00,268,862.83,0,9
2010-11-03  14:56:00,863.10,863.55,862.15,863.55,250,863.06,0,9
2010-11-03  14:57:00,864.45,864.45,863.55,863.55,28,863.805,0,4
2010-11-03  14:58:00,864.50,864.50,862.75,862.75,50,863.39,0,5
2010-11-03  14:59:00,864.30,864.30,863.00,864.00,36,864.055,0,4
2010-11-03  15:00:00,864.00,864.80,864.00,864.80,87,864.03,0,4
2010-11-03  15:01:00,864.05,865.00,863.20,865.00,254,864.625,0,14
2010-11-03  15:02:00,864.90,865.65,864.10,864.10,32,865.45,0,5
2010-11-03  15:03:00,864.05,864.15,864.05,864.15,30,864.08,0,4
2010-11-03  15:04:00,865.55,865.55,865.40,865.40,80,865.545,0,3
2010-11-03  15:05:00,864.25,864.25,864.25,864.25,10,864.25,0,1
2010-11-03  15:06:00,864.25,864.85,863.25,863.25,135,864.18,0,5
2010-11-03  15:07:00,864.65,864.65,863.30,863.30,62,864.39,0,4
2010-11-03  15:08:00,864.90,864.90,863.35,863.35,18,864.555,0,2
2010-11-03  15:09:00,863.50,864.90,863.50,864.90,45,864.28,0,2
2010-11-03  15:10:00,864.00,864.00,863.25,863.25,295,863.925,0,7
2010-11-03  15:11:00,863.25,863.25,860.00,860.85,300,862.01,0,13
2010-11-03  15:12:00,860.00,860.00,856.40,857.00,57,858.82,0,13
2010-11-03  15:13:00,858.95,859.90,857.60,857.60,243,858.93,0,9
2010-11-03  15:14:00,860.00,860.00,858.00,858.05,168,858.52,0,9
2010-11-03  15:15:00,859.40,859.40,858.00,858.20,96,858.705,0,9
2010-11-03  15:16:00,858.75,858.80,858.00,858.00,69,858.71,0,6
2010-11-03  15:17:00,859.20,859.20,858.15,858.85,74,858.53,0,10
2010-11-03  15:18:00,858.10,858.90,858.00,858.90,124,858.505,0,7
2010-11-03  15:19:00,858.90,859.10,858.90,859.10,51,859.035,0,5
2010-11-03  15:20:00,859.10,860.00,859.10,860.00,80,859.695,0,9
2010-11-03  15:21:00,859.20,860.00,859.20,860.00,26,859.84,0,5
2010-11-03  15:22:00,860.00,860.50,860.00,860.00,16,860.31,0,3
2010-11-03  15:23:00,861.75,862.00,861.20,862.00,191,861.705,0,10
2010-11-03  15:24:00,861.30,862.10,860.00,860.15,76,860.88,0,8
2010-11-03  15:25:00,860.50,860.50,859.95,859.95,8,860.37,0,3
2010-11-03  15:26:00,859.95,860.00,858.30,859.00,176,859.265,0,12
2010-11-03  15:27:00,858.95,858.95,858.25,858.35,97,858.705,0,7
2010-11-03  15:28:00,859.75,859.75,857.00,857.10,134,858.415,0,11
2010-11-03  15:29:00,858.00,858.00,855.00,858.00,204,856.47,0,13
2010-11-04  09:15:00,858.00,872.00,858.00,860.00,145,861.665,0,10
2010-11-04  09:16:00,864.90,864.90,861.00,863.00,425,864.235,0,15
2010-11-04  09:17:00,862.90,863.00,861.00,863.00,210,861.44,0,8
2010-11-04  09:18:00,862.35,867.50,862.35,866.00,465,864.565,0,13
2010-11-04  09:19:00,865.10,869.00,865.10,869.00,377,868.30,0,9
2010-11-04  09:20:00,869.95,871.85,868.10,868.55,233,868.50,0,9
2010-11-04  09:21:00,868.55,871.40,868.55,871.00,204,870.09,0,10
2010-11-04  09:22:00,870.05,870.90,869.30,869.60,223,869.54,0,10
2010-11-04  09:23:00,869.60,871.00,869.30,869.35,203,869.925,0,13
2010-11-04  09:24:00,869.35,869.35,867.50,868.00,44,868.03,0,10
2010-11-04  09:25:00,867.50,867.50,863.00,865.00,79,864.40,0,9
2010-11-04  09:26:00,865.05,865.10,860.35,862.00,432,863.415,0,16
2010-11-04  09:27:00,862.95,864.00,861.50,862.30,183,862.73,0,10
2010-11-04  09:28:00,862.80,864.00,862.80,864.00,236,863.725,0,12
2010-11-04  09:29:00,864.05,865.90,864.00,865.00,166,864.905,0,6
2010-11-04  09:30:00,866.00,867.50,864.05,867.40,232,865.35,0,15
2010-11-04  09:31:00,865.00,867.40,864.85,864.85,186,866.585,0,7
2010-11-04  09:32:00,864.95,866.75,864.00,864.00,84,864.36,0,9
2010-11-04  09:33:00,866.60,866.60,864.00,864.00,35,865.24,0,8
2010-11-04  09:34:00,865.00,865.00,864.00,864.80,46,864.325,0,9
2010-11-04  09:35:00,864.10,864.85,864.00,864.50,291,864.68,0,14
2010-11-04  09:36:00,864.25,864.75,864.00,864.55,100,864.185,0,11
2010-11-04  09:37:00,864.00,864.30,864.00,864.30,73,864.12,0,4
2010-11-04  09:38:00,864.75,864.80,864.00,864.75,107,864.365,0,8
2010-11-04  09:39:00,864.70,864.70,862.85,863.05,84,863.925,0,6
2010-11-04  09:40:00,863.15,864.80,863.15,863.35,90,863.19,0,5
2010-11-04  09:41:00,864.60,864.60,863.50,864.10,48,863.825,0,7
2010-11-04  09:42:00,864.60,864.85,864.05,864.05,65,864.72,0,5
2010-11-04  09:43:00,864.05,864.80,864.05,864.20,126,864.37,0,7
2010-11-04  09:44:00,864.20,864.75,864.20,864.75,33,864.60,0,5
2010-11-04  09:45:00,864.10,865.00,864.10,864.95,276,864.855,0,7
2010-11-04  09:46:00,865.50,866.95,865.50,866.25,77,866.04,0,13
2010-11-04  09:47:00,866.50,866.50,864.10,865.90,171,865.735,0,5
2010-11-04  09:48:00,865.85,865.85,864.10,864.10,33,864.435,0,6
2010-11-04  09:49:00,864.10,864.85,864.10,864.85,84,864.11,0,3
2010-11-04  09:50:00,864.20,864.20,864.10,864.10,13,864.19,0,3
2010-11-04  09:51:00,864.75,864.85,864.20,864.20,59,864.805,0,4
2010-11-04  09:52:00,864.45,864.45,863.95,863.95,71,864.025,0,6
2010-11-04  09:53:00,863.90,863.90,862.80,863.70,44,863.47,0,6
2010-11-04  09:54:00,862.75,862.95,861.20,861.50,157,861.72,0,12
2010-11-04  09:55:00,861.65,863.90,861.65,863.70,102,863.20,0,9
2010-11-04  09:56:00,862.05,863.90,862.05,862.30,92,862.205,0,16
2010-11-04  09:57:00,862.30,863.70,862.30,863.70,143,863.43,0,12
2010-11-04  09:58:00,863.70,864.00,863.10,863.25,46,863.60,0,7
2010-11-04  09:59:00,863.25,863.70,863.25,863.25,25,863.455,0,7
2010-11-04  10:00:00,863.75,863.75,863.00,863.50,7,863.445,0,6
2010-11-04  10:01:00,863.00,863.00,862.00,862.00,86,862.78,0,8
2010-11-04  10:02:00,861.15,862.90,861.15,862.90,64,862.86,0,6
2010-11-04  10:03:00,861.35,862.65,861.35,862.65,17,862.115,0,2
2010-11-04  10:04:00,861.35,862.90,860.50,862.90,241,862.205,0,7
2010-11-04  10:05:00,863.00,863.80,863.00,863.00,64,863.74,0,3
2010-11-04  10:06:00,863.00,863.00,861.15,862.00,141,861.645,0,7
2010-11-04  10:07:00,862.00,862.50,862.00,862.50,9,862.39,0,3
2010-11-04  10:08:00,862.00,862.00,861.00,861.00,27,861.37,0,2
2010-11-04  10:09:00,861.10,863.80,861.10,863.00,394,863.045,0,11
2010-11-04  10:10:00,863.25,863.25,863.25,863.25,1,863.25,0,1
2010-11-04  10:11:00,863.00,863.00,862.50,863.00,96,862.665,0,7
2010-11-04  10:12:00,863.50,865.00,863.50,865.00,214,864.195,0,7
2010-11-04  10:13:00,864.90,864.90,864.00,864.50,16,864.525,0,9
2010-11-04  10:14:00,864.50,864.65,864.50,864.60,12,864.615,0,4
2010-11-04  10:15:00,864.40,864.75,864.05,864.60,100,864.47,0,5
2010-11-04  10:16:00,864.60,864.65,864.50,864.55,6,864.55,0,5
2010-11-04  10:17:00,864.55,864.60,864.00,864.00,159,864.305,0,8
2010-11-04  10:18:00,864.55,864.55,864.10,864.45,65,864.54,0,10
2010-11-04  10:19:00,864.15,864.15,864.15,864.15,15,864.15,0,2
2010-11-04  10:20:00,864.40,864.40,864.40,864.40,12,864.40,0,3
2010-11-04  10:21:00,864.40,864.40,863.95,863.95,5,864.15,0,5
2010-11-04  10:22:00,863.95,863.95,863.65,863.65,32,863.81,0,12
2010-11-04  10:23:00,863.75,863.80,863.75,863.80,35,863.80,0,4
2010-11-04  10:24:00,863.80,863.85,863.25,863.25,64,863.69,0,5
2010-11-04  10:25:00,863.80,863.80,863.20,863.20,21,863.77,0,2
2010-11-04  10:26:00,863.80,863.80,863.50,863.50,72,863.54,0,7
2010-11-04  10:27:00,863.75,863.80,863.75,863.80,34,863.795,0,4
2010-11-04  10:28:00,863.90,863.90,863.90,863.90,84,863.90,0,2
2010-11-04  10:29:00,863.90,863.95,863.80,863.95,68,863.92,0,4
2010-11-04  10:30:00,863.50,863.95,863.50,863.95,7,863.82,0,2
2010-11-04  10:31:00,863.50,864.00,863.00,864.00,128,863.82,0,4
2010-11-04  10:32:00,863.85,864.20,863.10,864.20,40,863.23,0,5
2010-11-04  10:33:00,864.20,865.00,863.05,863.05,268,863.475,0,4
2010-11-04  10:34:00,864.20,865.00,864.20,864.95,35,864.855,0,5
2010-11-04  10:35:00,864.50,864.95,863.10,864.50,17,863.89,0,8
2010-11-04  10:36:00,864.00,864.00,863.00,863.00,17,863.825,0,4
2010-11-04  10:37:00,864.45,864.45,863.00,863.00,20,863.125,0,3
2010-11-04  10:38:00,863.00,863.95,863.00,863.95,7,863.135,0,2
2010-11-04  10:39:00,863.05,863.75,863.05,863.05,5,863.41,0,5
2010-11-04  10:40:00,863.05,863.05,863.05,863.05,13,863.05,0,1
2010-11-04  10:41:00,863.95,863.95,863.10,863.10,43,863.93,0,3
2010-11-04  10:42:00,863.10,863.10,863.10,863.10,2,863.10,0,1
2010-11-04  10:43:00,863.05,865.00,863.05,864.85,90,863.245,0,6
2010-11-04  10:44:00,864.50,864.75,864.00,864.50,18,864.155,0,5
2010-11-04  10:45:00,864.45,864.95,864.45,864.95,24,864.775,0,6
2010-11-04  10:46:00,864.95,864.95,864.50,864.95,18,864.84,0,7
2010-11-04  10:47:00,864.70,864.90,864.10,864.10,11,864.355,0,5
2010-11-04  10:48:00,864.10,864.90,864.00,864.90,34,864.14,0,4
2010-11-04  10:49:00,864.90,864.90,864.00,864.40,16,864.145,0,5
2010-11-04  10:50:00,864.40,864.40,864.30,864.30,6,864.335,0,4
2010-11-04  10:51:00,864.30,864.30,863.90,863.90,10,864.155,0,6
2010-11-04  10:52:00,863.50,863.95,863.10,863.10,66,863.43,0,6
2010-11-04  10:53:00,864.00,864.00,863.05,864.00,69,863.25,0,9
2010-11-04  10:54:00,864.00,864.00,863.50,863.50,19,863.58,0,3
2010-11-04  10:55:00,864.20,864.40,864.20,864.40,42,864.395,0,2
2010-11-04  10:56:00,864.40,864.40,864.40,864.40,0,864.40,0,0
2010-11-04  10:57:00,864.50,864.50,864.50,864.50,6,864.50,0,1
2010-11-04  10:58:00,863.15,863.40,863.15,863.40,19,863.28,0,3
2010-11-04  10:59:00,863.40,863.40,863.40,863.40,0,863.40,0,0
2010-11-04  11:00:00,863.40,863.40,863.40,863.40,0,863.40,0,0
2010-11-04  11:01:00,863.40,863.40,863.40,863.40,1,863.40,0,1
2010-11-04  11:02:00,863.40,863.40,863.40,863.40,8,863.40,0,1
2010-11-04  11:03:00,863.40,863.40,863.40,863.40,0,863.40,0,0
2010-11-04  11:04:00,863.10,863.10,863.10,863.10,39,863.10,0,2
2010-11-04  11:05:00,863.10,863.10,863.10,863.10,0,863.10,0,0
2010-11-04  11:06:00,863.40,863.40,863.00,863.00,61,863.165,0,3
2010-11-04  11:07:00,863.10,863.40,862.95,862.95,40,862.98,0,5
2010-11-04  11:08:00,862.10,862.10,862.05,862.10,43,862.06,0,3
2010-11-04  11:09:00,862.05,862.05,862.05,862.05,33,862.05,0,1
2010-11-04  11:10:00,862.05,862.05,862.05,862.05,2,862.05,0,1
2010-11-04  11:11:00,862.95,862.95,862.95,862.95,1,862.95,0,1
2010-11-04  11:12:00,862.10,862.10,862.10,862.10,1,862.10,0,1
2010-11-04  11:13:00,862.95,862.95,862.95,862.95,4,862.95,0,1
2010-11-04  11:14:00,862.15,862.15,862.15,862.15,10,862.15,0,1
2010-11-04  11:15:00,862.15,862.15,862.15,862.15,0,862.15,0,0
2010-11-04  11:16:00,862.15,862.15,862.15,862.15,2,862.15,0,2
2010-11-04  11:17:00,862.15,862.85,862.15,862.85,35,862.65,0,2
2010-11-04  11:18:00,862.85,862.85,862.85,862.85,0,862.85,0,0
2010-11-04  11:19:00,862.85,863.40,862.20,863.40,77,863.345,0,3
2010-11-04  11:20:00,863.40,863.50,862.25,863.50,44,863.325,0,6
2010-11-04  11:21:00,863.50,863.50,863.50,863.50,30,863.50,0,2
2010-11-04  11:22:00,863.70,863.70,863.70,863.70,15,863.70,0,2
2010-11-04  11:23:00,863.70,863.75,863.50,863.75,44,863.645,0,7
2010-11-04  11:24:00,864.00,864.10,863.75,863.90,412,863.995,0,10
2010-11-04  11:25:00,863.90,863.90,863.90,863.90,0,863.90,0,0
2010-11-04  11:26:00,862.10,863.85,862.10,863.85,22,863.69,0,2
2010-11-04  11:27:00,862.40,862.40,862.40,862.40,1,862.40,0,1
2010-11-04  11:28:00,863.90,864.00,863.00,863.90,119,863.895,0,6
2010-11-04  11:29:00,863.00,864.00,863.00,864.00,4,863.50,0,2
2010-11-04  11:30:00,863.95,863.95,863.95,863.95,3,863.95,0,2
2010-11-04  11:31:00,864.00,864.00,864.00,864.00,5,864.00,0,1
2010-11-04  11:32:00,863.30,863.30,863.30,863.30,2,863.30,0,1
2010-11-04  11:33:00,864.00,864.00,863.50,863.50,5,863.70,0,2
2010-11-04  11:34:00,863.50,863.50,863.50,863.50,1,863.50,0,1
2010-11-04  11:35:00,863.55,863.55,863.55,863.55,10,863.55,0,1
2010-11-04  11:36:00,864.00,864.00,864.00,864.00,13,864.00,0,2
2010-11-04  11:37:00,863.50,863.50,863.50,863.50,5,863.50,0,1
2010-11-04  11:38:00,864.00,864.50,863.50,863.50,37,863.96,0,5
2010-11-04  11:39:00,863.50,863.50,863.50,863.50,46,863.50,0,1
2010-11-04  11:40:00,863.75,863.75,863.75,863.75,10,863.75,0,1
2010-11-04  11:41:00,863.75,863.75,863.75,863.75,54,863.75,0,1
2010-11-04  11:42:00,863.50,863.50,862.70,862.70,5,863.02,0,3
2010-11-04  11:43:00,862.70,862.70,862.70,862.70,0,862.70,0,0
2010-11-04  11:44:00,862.70,862.70,862.70,862.70,1,862.70,0,1
2010-11-04  11:45:00,862.70,862.70,862.70,862.70,8,862.70,0,1
2010-11-04  11:46:00,862.70,862.70,862.70,862.70,6,862.70,0,1
2010-11-04  11:47:00,862.60,862.60,862.60,862.60,25,862.60,0,1
2010-11-04  11:48:00,863.40,863.40,863.40,863.40,11,863.40,0,2
2010-11-04  11:49:00,862.45,863.30,862.45,863.30,11,862.76,0,3
2010-11-04  11:50:00,862.45,862.45,862.45,862.45,2,862.45,0,1
2010-11-04  11:51:00,863.30,863.30,863.30,863.30,46,863.30,0,3
2010-11-04  11:52:00,862.50,862.50,862.50,862.50,2,862.50,0,1
2010-11-04  11:53:00,862.50,862.50,862.50,862.50,0,862.50,0,0
2010-11-04  11:54:00,862.50,862.50,862.50,862.50,8,862.50,0,1
2010-11-04  11:55:00,862.50,862.50,862.50,862.50,0,862.50,0,0
2010-11-04  11:56:00,863.30,863.30,863.30,863.30,90,863.30,0,2
2010-11-04  11:57:00,863.45,863.45,863.45,863.45,1,863.45,0,1
2010-11-04  11:58:00,863.45,863.45,863.45,863.45,1,863.45,0,1
2010-11-04  11:59:00,863.45,863.45,863.45,863.45,3,863.45,0,1
2010-11-04  12:00:00,862.60,862.60,862.60,862.60,18,862.60,0,2
2010-11-04  12:01:00,862.60,862.60,862.60,862.60,6,862.60,0,2
2010-11-04  12:02:00,862.75,863.80,862.75,863.80,136,862.93,0,7
2010-11-04  12:03:00,863.90,864.40,863.00,863.05,65,863.795,0,10
2010-11-04  12:04:00,863.95,863.95,863.95,863.95,2,863.95,0,2
2010-11-04  12:05:00,863.95,863.95,863.95,863.95,1,863.95,0,1
2010-11-04  12:06:00,863.95,863.95,863.95,863.95,0,863.95,0,0
2010-11-04  12:07:00,863.95,863.95,863.05,863.85,123,863.15,0,5
2010-11-04  12:08:00,863.50,863.50,863.50,863.50,4,863.50,0,1
2010-11-04  12:09:00,863.80,863.80,863.50,863.50,98,863.53,0,5
2010-11-04  12:10:00,863.80,864.40,863.80,864.40,2,864.10,0,2
2010-11-04  12:11:00,864.40,864.40,864.40,864.40,2,864.40,0,1
2010-11-04  12:12:00,864.40,864.40,864.00,864.00,12,864.235,0,2
2010-11-04  12:13:00,863.90,863.90,863.90,863.90,2,863.90,0,2
2010-11-04  12:14:00,863.90,863.90,863.90,863.90,0,863.90,0,0
2010-11-04  12:15:00,863.05,864.25,863.05,864.25,23,863.505,0,4
2010-11-04  12:16:00,864.25,864.25,864.25,864.25,0,864.25,0,0
2010-11-04  12:17:00,863.30,863.30,863.25,863.25,19,863.265,0,2
2010-11-04  12:18:00,864.15,864.25,863.05,863.05,8,864.025,0,4
2010-11-04  12:19:00,864.25,864.25,864.25,864.25,2,864.25,0,1
2010-11-04  12:20:00,864.30,864.30,864.30,864.30,8,864.30,0,1
2010-11-04  12:21:00,864.25,864.25,864.25,864.25,3,864.25,0,1
2010-11-04  12:22:00,864.25,864.25,864.25,864.25,40,864.25,0,1
2010-11-04  12:23:00,863.40,863.40,863.40,863.40,18,863.40,0,1
2010-11-04  12:24:00,863.40,863.40,863.40,863.40,0,863.40,0,0
2010-11-04  12:25:00,863.40,863.40,863.05,863.05,8,863.355,0,2
2010-11-04  12:26:00,863.05,863.05,863.00,863.00,17,863.015,0,2
2010-11-04  12:27:00,863.00,863.00,863.00,863.00,0,863.00,0,0
2010-11-04  12:28:00,862.80,862.80,862.80,862.80,5,862.80,0,1
2010-11-04  12:29:00,862.80,862.80,862.80,862.80,0,862.80,0,0
2010-11-04  12:30:00,864.15,864.15,864.15,864.15,5,864.15,0,1
2010-11-04  12:31:00,864.15,864.15,863.60,863.60,7,863.68,0,2
2010-11-04  12:32:00,863.00,864.05,863.00,864.05,103,863.14,0,6
2010-11-04  12:33:00,863.40,863.40,863.00,863.00,4,863.30,0,2
2010-11-04  12:34:00,863.40,864.00,863.40,864.00,4,863.55,0,2
2010-11-04  12:35:00,864.10,864.10,864.00,864.10,11,864.09,0,5
2010-11-04  12:36:00,864.10,864.10,864.10,864.10,1,864.10,0,1
2010-11-04  12:37:00,863.00,863.00,863.00,863.00,61,863.00,0,2
2010-11-04  12:38:00,862.15,862.65,862.15,862.65,33,862.165,0,2
2010-11-04  12:39:00,862.65,862.65,862.65,862.65,0,862.65,0,0
2010-11-04  12:40:00,863.85,863.90,863.85,863.90,2,863.875,0,2
2010-11-04  12:41:00,863.90,863.90,863.90,863.90,0,863.90,0,0
2010-11-04  12:42:00,863.90,863.90,863.90,863.90,0,863.90,0,0
2010-11-04  12:43:00,863.05,863.85,863.05,863.05,4,863.25,0,3
2010-11-04  12:44:00,863.05,863.05,863.05,863.05,0,863.05,0,0
2010-11-04  12:45:00,862.00,862.00,862.00,862.00,10,862.00,0,1
2010-11-04  12:46:00,863.85,863.85,863.05,863.05,8,863.75,0,3
2010-11-04  12:47:00,863.05,863.90,863.05,863.90,13,863.51,0,5
2010-11-04  12:48:00,863.05,863.80,863.05,863.80,3,863.30,0,2
2010-11-04  12:49:00,863.90,863.90,863.90,863.90,1,863.90,0,1
2010-11-04  12:50:00,863.00,863.55,862.15,863.55,35,862.29,0,4
2010-11-04  12:51:00,862.55,862.55,862.15,862.15,55,862.155,0,3
2010-11-04  12:52:00,862.85,862.95,862.85,862.95,3,862.885,0,3
2010-11-04  12:53:00,862.95,863.65,862.95,863.65,47,863.02,0,5
2010-11-04  12:54:00,863.65,864.00,863.65,864.00,34,863.815,0,3
2010-11-04  12:55:00,863.20,863.65,863.20,863.65,4,863.425,0,2
2010-11-04  12:56:00,864.00,864.00,863.20,863.20,36,863.89,0,2
2010-11-04  12:57:00,863.00,864.00,863.00,864.00,42,863.95,0,2
2010-11-04  12:58:00,863.25,863.30,863.20,863.20,14,863.255,0,3
2010-11-04  12:59:00,863.25,863.25,863.25,863.25,72,863.25,0,1
2010-11-04  13:00:00,863.25,863.25,863.25,863.25,0,863.25,0,0
2010-11-04  13:01:00,863.25,863.25,863.25,863.25,2,863.25,0,2
2010-11-04  13:02:00,863.95,863.95,863.25,863.25,628,863.26,0,3
2010-11-04  13:03:00,863.25,863.25,862.25,862.25,44,862.71,0,3
2010-11-04  13:04:00,863.75,863.75,863.75,863.75,1,863.75,0,1
2010-11-04  13:05:00,862.25,862.25,862.25,862.25,1,862.25,0,1
2010-11-04  13:06:00,862.25,862.25,862.25,862.25,0,862.25,0,0
2010-11-04  13:07:00,862.25,862.25,862.25,862.25,0,862.25,0,0
2010-11-04  13:08:00,862.65,863.90,862.65,863.90,5,863.65,0,2
2010-11-04  13:09:00,863.90,863.90,863.90,863.90,0,863.90,0,0
2010-11-04  13:10:00,863.90,863.90,863.90,863.90,0,863.90,0,0
2010-11-04  13:11:00,863.90,863.90,863.90,863.90,0,863.90,0,0
2010-11-04  13:12:00,863.05,863.05,863.05,863.05,4,863.05,0,1
2010-11-04  13:13:00,863.05,863.05,863.05,863.05,0,863.05,0,0
2010-11-04  13:14:00,863.80,863.80,863.80,863.80,10,863.80,0,1
2010-11-04  13:15:00,864.00,864.20,864.00,864.20,110,864.18,0,2
2010-11-04  13:16:00,864.20,864.20,864.20,864.20,0,864.20,0,0
2010-11-04  13:17:00,864.30,864.70,864.30,864.70,28,864.495,0,4
2010-11-04  13:18:00,864.65,865.00,864.65,865.00,94,864.965,0,3
2010-11-04  13:19:00,865.00,865.00,864.70,865.00,125,864.975,0,4
2010-11-04  13:20:00,865.00,865.00,863.05,863.05,27,864.135,0,3
2010-11-04  13:21:00,863.05,863.05,863.05,863.05,0,863.05,0,0
2010-11-04  13:22:00,863.00,864.75,863.00,864.75,45,863.04,0,2
2010-11-04  13:23:00,863.25,864.70,863.25,864.70,2,863.975,0,2
2010-11-04  13:24:00,863.85,863.85,863.85,863.85,2,863.85,0,1
2010-11-04  13:25:00,864.75,865.00,864.75,865.00,25,864.80,0,4
2010-11-04  13:26:00,864.50,865.00,864.50,864.65,21,864.85,0,6
2010-11-04  13:27:00,863.25,863.25,863.10,863.10,37,863.18,0,2
2010-11-04  13:28:00,864.00,864.00,864.00,864.00,1,864.00,0,1
2010-11-04  13:29:00,863.95,863.95,863.95,863.95,20,863.95,0,1
2010-11-04  13:30:00,863.95,863.95,863.95,863.95,0,863.95,0,0
2010-11-04  13:31:00,863.95,863.95,863.95,863.95,10,863.95,0,1
2010-11-04  13:32:00,862.00,863.95,862.00,863.95,36,863.355,0,2
2010-11-04  13:33:00,863.95,863.95,863.95,863.95,0,863.95,0,0
2010-11-04  13:34:00,862.20,862.20,862.20,862.20,71,862.20,0,2
2010-11-04  13:35:00,863.50,863.65,863.50,863.65,95,863.54,0,5
2010-11-04  13:36:00,863.70,863.70,862.40,863.45,30,863.49,0,4
2010-11-04  13:37:00,862.60,862.60,862.60,862.60,5,862.60,0,1
2010-11-04  13:38:00,862.60,862.60,862.60,862.60,0,862.60,0,0
2010-11-04  13:39:00,862.60,862.60,862.60,862.60,0,862.60,0,0
2010-11-04  13:40:00,862.60,862.60,862.60,862.60,0,862.60,0,0
2010-11-04  13:41:00,863.50,863.50,863.50,863.50,2,863.50,0,1
2010-11-04  13:42:00,863.30,863.30,863.00,863.00,12,863.25,0,2
2010-11-04  13:43:00,863.00,863.00,863.00,863.00,7,863.00,0,1
2010-11-04  13:44:00,863.00,863.00,863.00,863.00,1,863.00,0,1
2010-11-04  13:46:00,863.00,863.00,862.50,862.50,25,862.88,0,4
2010-11-04  13:47:00,862.50,862.50,862.50,862.50,20,862.50,0,3
2010-11-04  13:48:00,862.35,862.50,862.35,862.50,27,862.49,0,2
2010-11-04  13:49:00,862.50,863.00,862.50,863.00,19,862.605,0,3
2010-11-04  13:50:00,862.40,862.40,862.40,862.40,3,862.40,0,1
2010-11-04  13:51:00,862.40,862.40,862.40,862.40,0,862.40,0,0
2010-11-04  13:52:00,862.40,862.40,862.40,862.40,0,862.40,0,0
2010-11-04  13:53:00,862.40,862.40,862.40,862.40,0,862.40,0,0
2010-11-04  13:54:00,862.40,862.40,862.40,862.40,0,862.40,0,0
2010-11-04  13:55:00,862.40,862.50,862.40,862.50,21,862.405,0,3
2010-11-04  13:56:00,862.50,862.50,862.50,862.50,10,862.50,0,1
2010-11-04  13:57:00,862.45,863.00,862.45,863.00,22,862.975,0,2
2010-11-04  13:58:00,862.95,863.00,862.95,863.00,88,863.00,0,3
2010-11-04  13:59:00,864.00,864.00,863.55,863.55,90,863.995,0,2
2010-11-04  14:00:00,863.55,863.55,863.55,863.55,0,863.55,0,0
2010-11-04  14:01:00,863.75,863.75,862.50,862.50,5,863.25,0,2
2010-11-04  14:02:00,862.55,863.80,862.55,863.80,3,862.965,0,2
2010-11-04  14:03:00,863.80,863.80,863.80,863.80,0,863.80,0,0
2010-11-04  14:04:00,862.55,862.55,862.55,862.55,92,862.55,0,3
2010-11-04  14:05:00,863.80,863.80,863.80,863.80,1,863.80,0,1
2010-11-04  14:06:00,862.50,862.50,862.10,862.10,43,862.155,0,2
2010-11-04  14:07:00,862.10,862.10,862.10,862.10,29,862.10,0,1
2010-11-04  14:08:00,862.50,862.50,862.50,862.50,76,862.50,0,1
2010-11-04  14:09:00,863.10,863.65,863.10,863.65,20,863.25,0,7
2010-11-04  14:10:00,863.65,863.65,863.00,863.65,108,863.635,0,7
2010-11-04  14:11:00,863.65,863.65,862.10,862.10,11,862.24,0,2
2010-11-04  14:12:00,863.65,863.65,862.10,862.10,11,862.24,0,2
2010-11-04  14:13:00,863.60,863.80,862.10,863.80,123,862.875,0,4
2010-11-04  14:14:00,863.00,863.00,863.00,863.00,25,863.00,0,1
2010-11-04  14:15:00,862.15,863.00,862.15,863.00,6,862.86,0,2
2010-11-04  14:16:00,863.00,863.00,863.00,863.00,0,863.00,0,0
2010-11-04  14:17:00,862.15,862.15,862.15,862.15,23,862.15,0,3
2010-11-04  14:18:00,862.00,862.95,862.00,862.15,131,862.175,0,7
2010-11-04  14:19:00,862.15,862.15,862.15,862.15,0,862.15,0,0
2010-11-04  14:20:00,862.50,862.50,862.15,862.15,12,862.47,0,2
2010-11-04  14:21:00,862.15,862.15,862.00,862.00,35,862.005,0,3
2010-11-04  14:22:00,862.00,862.00,862.00,862.00,23,862.00,0,3
2010-11-04  14:23:00,857.70,860.00,857.70,858.60,113,859.245,0,6
2010-11-04  14:24:00,859.95,859.95,858.95,859.00,192,859.22,0,10
2010-11-04  14:25:00,859.15,861.00,858.95,861.00,70,860.39,0,5
2010-11-04  14:26:00,860.90,861.90,860.90,861.00,105,861.115,0,4
2010-11-04  14:27:00,860.00,860.05,860.00,860.05,46,860.01,0,2
2010-11-04  14:28:00,860.05,860.05,860.05,860.05,87,860.05,0,2
2010-11-04  14:29:00,860.10,860.10,860.10,860.10,2,860.10,0,2
2010-11-04  14:30:00,860.10,860.10,860.10,860.10,0,860.10,0,0
2010-11-04  14:31:00,860.00,860.80,860.00,860.55,65,860.40,0,5
2010-11-04  14:32:00,861.00,861.00,861.00,861.00,5,861.00,0,1
2010-11-04  14:33:00,861.00,861.00,861.00,861.00,46,861.00,0,2
2010-11-04  14:34:00,856.65,861.90,856.45,861.90,186,857.73,0,4
2010-11-04  14:35:00,861.00,861.85,858.25,858.60,108,859.72,0,5
2010-11-04  14:36:00,861.85,861.85,861.85,861.85,1,861.85,0,1
2010-11-04  14:37:00,858.60,860.95,858.00,858.00,73,858.965,0,6
2010-11-04  14:38:00,861.70,861.70,858.35,860.80,7,860.58,0,3
2010-11-04  14:39:00,858.40,859.10,858.40,859.10,42,859.085,0,3
2010-11-04  14:40:00,860.40,861.50,859.30,861.50,172,860.795,0,6
2010-11-04  14:41:00,860.10,860.10,860.10,860.10,10,860.10,0,4
2010-11-04  14:42:00,860.10,861.00,858.45,859.10,44,859.83,0,5
2010-11-04  14:43:00,860.90,860.90,860.75,860.75,35,860.78,0,3
2010-11-04  14:44:00,860.75,860.75,859.30,859.30,66,860.53,0,5
2010-11-04  14:45:00,860.85,860.85,860.85,860.85,18,860.85,0,4
2010-11-04  14:46:00,859.35,859.35,859.25,859.25,15,859.295,0,4
2010-11-04  14:47:00,860.00,860.90,858.40,858.40,24,859.99,0,4
2010-11-04  14:48:00,859.00,860.00,858.80,860.00,20,859.525,0,4
2010-11-04  14:49:00,861.00,862.00,860.30,862.00,30,861.645,0,5
2010-11-04  14:50:00,860.40,860.40,860.40,860.40,5,860.40,0,1
2010-11-04  14:51:00,860.40,860.40,860.30,860.30,13,860.37,0,5
2010-11-04  14:52:00,860.30,860.40,860.30,860.40,153,860.355,0,5
2010-11-04  14:53:00,861.65,861.85,860.45,861.85,13,861.575,0,4
2010-11-04  14:54:00,860.45,861.85,860.45,860.45,56,861.55,0,4
2010-11-04  14:55:00,861.85,861.85,860.40,860.40,11,860.53,0,2
2010-11-04  14:56:00,860.40,860.40,860.40,860.40,10,860.40,0,1
2010-11-04  14:57:00,861.85,861.85,860.45,860.45,55,861.34,0,3
2010-11-04  14:58:00,861.90,861.90,861.90,861.90,9,861.90,0,2
2010-11-04  14:59:00,860.45,861.85,860.45,860.50,9,860.645,0,3
2010-11-04  15:00:00,860.60,861.95,859.50,861.95,39,860.73,0,6
2010-11-04  15:01:00,861.90,862.00,859.45,862.00,205,861.385,0,13
2010-11-04  15:02:00,861.15,862.00,861.15,861.55,96,861.94,0,7
2010-11-04  15:03:00,861.15,862.00,861.15,862.00,100,861.565,0,3
2010-11-04  15:04:00,860.00,862.00,860.00,860.05,32,860.90,0,3
2010-11-04  15:05:00,861.95,862.30,860.50,860.65,59,861.955,0,10
2010-11-04  15:06:00,860.65,861.85,860.65,861.10,38,861.215,0,5
2010-11-04  15:07:00,861.25,863.15,861.25,863.05,114,862.435,0,8
2010-11-04  15:08:00,862.95,863.00,862.00,862.00,54,862.815,0,6
2010-11-04  15:09:00,860.40,862.35,860.40,862.35,41,861.81,0,6
2010-11-04  15:10:00,861.00,862.35,860.40,862.25,16,860.795,0,4
2010-11-04  15:11:00,860.60,861.95,860.60,861.95,100,860.66,0,6
2010-11-04  15:12:00,861.90,861.90,861.00,861.40,50,861.445,0,7
2010-11-04  15:13:00,861.40,863.00,860.65,862.30,72,862.12,0,6
2010-11-04  15:14:00,862.00,863.00,860.85,863.00,285,862.675,0,7
2010-11-04  15:15:00,862.90,865.00,862.80,863.95,528,863.295,0,13
2010-11-04  15:16:00,864.00,864.90,863.55,863.55,156,864.425,0,16
2010-11-04  15:17:00,863.55,865.00,861.05,862.50,230,863.22,0,12
2010-11-04  15:18:00,864.85,864.85,861.15,861.15,70,862.94,0,6
2010-11-04  15:19:00,863.40,863.40,862.45,862.95,98,862.95,0,9
2010-11-04  15:20:00,862.95,864.90,862.95,864.00,186,864.53,0,9
2010-11-04  15:21:00,864.00,864.50,863.20,863.20,75,863.605,0,5
2010-11-04  15:22:00,863.50,864.35,863.05,863.05,342,863.585,0,12
2010-11-04  15:23:00,864.00,864.80,863.05,863.05,191,863.90,0,7
2010-11-04  15:24:00,863.05,863.75,861.55,861.55,316,862.745,0,13
2010-11-04  15:25:00,862.95,863.80,861.60,862.80,78,862.905,0,10
2010-11-04  15:26:00,862.80,862.80,860.75,860.75,109,861.855,0,11
2010-11-04  15:27:00,860.75,861.90,859.20,861.00,348,860.275,0,11
2010-11-04  15:28:00,863.80,863.80,858.20,858.55,265,859.70,0,12
2010-11-04  15:29:00,858.20,860.50,858.15,859.00,94,859.225,0,10
2010-11-05  18:55:00,862.25,862.25,862.25,862.25,1,862.25,0,1
2010-11-05  18:56:00,862.20,862.90,860.00,860.10,125,860.825,0,11
2010-11-05  18:57:00,860.30,864.00,860.20,860.20,91,862.635,0,11
2010-11-05  18:58:00,862.90,863.90,860.50,861.00,66,861.385,0,8
2010-11-05  18:59:00,861.10,863.95,860.10,861.10,96,862.05,0,9
2010-11-08  09:15:00,861.10,865.00,861.10,864.95,117,864.66,0,7
2010-11-08  09:16:00,860.15,862.90,859.00,859.40,152,860.75,0,11
2010-11-08  09:17:00,859.00,861.60,856.15,859.40,134,859.35,0,12
2010-11-08  09:18:00,859.70,860.00,859.40,859.40,641,859.52,0,11
2010-11-08  09:19:00,859.40,859.50,859.40,859.50,135,859.445,0,4
2010-11-08  09:20:00,860.00,861.90,859.50,859.65,73,860.52,0,8
2010-11-08  09:21:00,859.40,860.75,857.00,857.00,104,857.48,0,7
2010-11-08  09:22:00,856.10,856.10,855.10,855.25,24,855.865,0,4
2010-11-08  09:23:00,855.25,855.30,854.00,855.00,81,855.025,0,4
2010-11-08  09:24:00,855.00,861.80,855.00,856.00,255,859.53,0,7
2010-11-08  09:25:00,856.10,859.40,856.10,858.65,51,858.005,0,9
2010-11-08  09:26:00,856.55,856.65,856.55,856.65,89,856.645,0,3
2010-11-08  09:27:00,857.00,858.65,857.00,858.65,191,858.195,0,5
2010-11-08  09:28:00,858.65,858.65,858.60,858.60,13,858.64,0,2
2010-11-08  09:29:00,856.70,858.40,856.30,856.30,121,856.67,0,9
2010-11-08  09:30:00,856.35,858.40,856.35,856.50,117,857.21,0,7
2010-11-08  09:31:00,858.40,858.40,858.40,858.40,10,858.40,0,1
2010-11-08  09:32:00,858.10,858.10,858.00,858.00,81,858.10,0,2
2010-11-08  09:33:00,856.80,858.00,856.80,856.90,27,856.93,0,5
2010-11-08  09:34:00,856.90,858.00,856.90,857.00,266,857.91,0,5
2010-11-08  09:35:00,857.00,857.00,857.00,857.00,2,857.00,0,1
2010-11-08  09:36:00,857.00,858.00,857.00,858.00,7,857.715,0,2
2010-11-08  09:37:00,857.00,857.00,857.00,857.00,5,857.00,0,1
2010-11-08  09:38:00,856.30,856.30,856.00,856.00,72,856.105,0,5
2010-11-08  09:39:00,856.30,856.30,856.00,856.30,237,856.275,0,6
2010-11-08  09:40:00,856.30,856.30,856.00,856.00,17,856.09,0,2
2010-11-08  09:41:00,856.30,856.30,855.40,855.40,25,856.15,0,3
2010-11-08  09:42:00,855.40,855.75,855.20,855.20,117,855.69,0,4
2010-11-08  09:43:00,855.20,856.00,855.20,856.00,35,855.74,0,4
2010-11-08  09:44:00,855.30,856.00,852.15,852.15,80,855.08,0,9
2010-11-08  09:45:00,852.20,854.80,852.20,854.80,2,853.50,0,2
2010-11-08  09:46:00,852.25,854.75,852.00,852.00,552,852.21,0,13
2010-11-08  09:47:00,853.50,853.50,851.00,851.00,122,852.59,0,5
2010-11-08  09:48:00,851.00,853.90,851.00,851.05,172,851.57,0,5
2010-11-08  09:49:00,851.50,852.00,851.05,852.00,16,851.22,0,3
2010-11-08  09:50:00,852.00,852.45,852.00,852.40,45,852.075,0,4
2010-11-08  09:51:00,852.40,852.40,851.50,851.50,4,852.175,0,2
2010-11-08  09:52:00,852.70,852.70,852.50,852.50,27,852.575,0,2
2010-11-08  09:53:00,852.50,852.50,852.05,852.50,75,852.405,0,4
2010-11-08  09:54:00,851.00,852.50,851.00,852.50,45,851.365,0,3
2010-11-08  09:55:00,852.45,853.90,851.25,853.90,45,853.37,0,6
2010-11-08  09:56:00,852.55,852.55,852.55,852.55,24,852.55,0,1
2010-11-08  09:57:00,853.50,853.50,852.55,852.55,23,852.965,0,2
2010-11-08  09:58:00,852.55,852.55,852.55,852.55,2,852.55,0,1
2010-11-08  09:59:00,852.55,852.55,852.55,852.55,1,852.55,0,1
2010-11-08  10:00:00,853.50,853.50,853.50,853.50,16,853.50,0,2
2010-11-08  10:01:00,853.50,853.50,853.50,853.50,1,853.50,0,1
2010-11-08  10:02:00,853.50,853.50,852.55,852.55,12,852.68,0,4
2010-11-08  10:03:00,854.85,854.85,854.85,854.85,6,854.85,0,1
2010-11-08  10:04:00,854.25,854.50,853.00,853.00,29,853.395,0,5
2010-11-08  10:05:00,854.50,854.50,853.00,853.00,27,853.835,0,4
2010-11-08  10:06:00,853.00,853.00,853.00,853.00,1,853.00,0,1
2010-11-08  10:07:00,854.90,854.90,853.00,853.00,42,854.085,0,3
2010-11-08  10:08:00,853.00,853.00,853.00,853.00,7,853.00,0,1
2010-11-08  10:09:00,854.80,854.80,853.05,853.05,6,853.34,0,2
2010-11-08  10:10:00,853.00,854.90,853.00,854.90,184,854.225,0,6
2010-11-08  10:11:00,854.50,854.70,853.15,853.15,3,854.115,0,3
2010-11-08  10:12:00,853.15,854.90,853.15,853.20,27,853.415,0,4
2010-11-08  10:13:00,854.90,855.00,854.85,855.00,35,854.855,0,4
2010-11-08  10:14:00,854.00,854.00,853.05,854.00,14,853.795,0,3
2010-11-08  10:15:00,854.90,854.90,854.85,854.85,22,854.85,0,3
2010-11-08  10:16:00,854.85,854.85,854.85,854.85,2,854.85,0,1
2010-11-08  10:17:00,855.00,855.00,855.00,855.00,38,855.00,0,3
2010-11-08  10:18:00,855.00,855.00,854.80,854.80,11,854.98,0,2
2010-11-08  10:19:00,854.05,854.05,854.05,854.05,11,854.05,0,1
2010-11-08  10:20:00,855.00,855.00,855.00,855.00,10,855.00,0,1
2010-11-08  10:21:00,854.05,854.05,854.05,854.05,1,854.05,0,1
2010-11-08  10:22:00,854.05,854.05,854.05,854.05,20,854.05,0,1
2010-11-08  10:23:00,853.00,853.00,853.00,853.00,16,853.00,0,2
2010-11-08  10:24:00,853.05,853.05,853.05,853.05,12,853.05,0,1
2010-11-08  10:25:00,854.05,854.05,854.05,854.05,29,854.05,0,2
2010-11-08  10:26:00,854.00,854.05,851.10,851.10,57,853.99,0,4
2010-11-08  10:27:00,851.00,852.90,851.00,852.90,35,851.83,0,3
2010-11-08  10:28:00,853.80,853.80,853.80,853.80,35,853.80,0,1
2010-11-08  10:29:00,853.90,854.50,853.90,854.00,43,854.11,0,4
2010-11-08  10:30:00,854.00,854.00,854.00,854.00,0,854.00,0,0
2010-11-08  10:31:00,854.50,854.50,853.10,853.10,7,853.30,0,2
2010-11-08  10:32:00,853.10,853.10,853.00,853.10,37,853.06,0,4
2010-11-08  10:33:00,853.10,853.10,853.10,853.10,10,853.10,0,1
2010-11-08  10:34:00,853.80,854.00,853.80,854.00,14,853.93,0,2
2010-11-08  10:35:00,854.00,854.00,854.00,854.00,50,854.00,0,2
2010-11-08  10:36:00,854.40,854.40,854.40,854.40,11,854.40,0,2
2010-11-08  10:37:00,854.40,854.40,854.40,854.40,13,854.40,0,3
2010-11-08  10:38:00,854.40,854.40,854.40,854.40,152,854.40,0,2
2010-11-08  10:39:00,854.40,854.40,854.40,854.40,0,854.40,0,0
2010-11-08  10:40:00,853.15,854.40,853.15,854.40,154,853.16,0,3
2010-11-08  10:41:00,853.95,854.00,851.15,854.00,37,852.06,0,4
2010-11-08  10:42:00,852.20,852.20,852.20,852.20,6,852.20,0,1
2010-11-08  10:43:00,853.80,853.80,853.80,853.80,5,853.80,0,1
2010-11-08  10:44:00,853.90,853.95,853.90,853.95,31,853.915,0,3
2010-11-08  10:45:00,853.90,853.90,853.90,853.90,1,853.90,0,1
2010-11-08  10:46:00,853.00,853.00,853.00,853.00,3,853.00,0,2
2010-11-08  10:47:00,853.05,853.05,853.05,853.05,8,853.05,0,1
2010-11-08  10:48:00,853.05,853.05,853.05,853.05,0,853.05,0,0
2010-11-08  10:49:00,853.05,853.05,853.05,853.05,0,853.05,0,0
2010-11-08  10:50:00,853.75,853.75,853.75,853.75,12,853.75,0,2
2010-11-08  10:51:00,853.75,853.75,853.05,853.05,8,853.49,0,2
2010-11-08  10:52:00,853.75,853.75,853.75,853.75,15,853.75,0,2
2010-11-08  10:53:00,853.70,853.70,853.70,853.70,1,853.70,0,1
2010-11-08  10:54:00,853.70,853.70,853.70,853.70,0,853.70,0,0
2010-11-08  10:55:00,853.70,853.70,853.70,853.70,0,853.70,0,0
2010-11-08  10:56:00,853.65,853.65,853.65,853.65,6,853.65,0,2
2010-11-08  10:57:00,853.00,853.00,853.00,853.00,82,853.00,0,1
2010-11-08  10:58:00,853.00,853.00,853.00,853.00,11,853.00,0,2
2010-11-08  10:59:00,852.00,852.00,852.00,852.00,1,852.00,0,1
2010-11-08  11:00:00,852.00,852.20,852.00,852.00,209,852.025,0,3
2010-11-08  11:01:00,853.00,853.00,852.05,853.00,46,852.465,0,3
2010-11-08  11:02:00,853.00,853.00,853.00,853.00,10,853.00,0,1
2010-11-08  11:03:00,853.00,853.50,853.00,853.50,30,853.165,0,3
2010-11-08  11:04:00,853.50,853.50,853.50,853.50,0,853.50,0,0
2010-11-08  11:05:00,853.50,853.50,853.50,853.50,0,853.50,0,0
2010-11-08  11:06:00,853.00,853.00,853.00,853.00,19,853.00,0,2
2010-11-08  11:07:00,853.00,853.00,853.00,853.00,0,853.00,0,0
2010-11-08  11:08:00,853.30,853.30,853.30,853.30,6,853.30,0,1
2010-11-08  11:09:00,853.25,853.25,853.25,853.25,25,853.25,0,1
2010-11-08  11:10:00,852.10,853.00,852.10,853.00,17,852.26,0,2
2010-11-08  11:11:00,853.00,853.00,853.00,853.00,31,853.00,0,1
2010-11-08  11:12:00,853.40,853.40,853.40,853.40,125,853.40,0,2
2010-11-08  11:13:00,853.40,853.40,853.40,853.40,51,853.40,0,2
2010-11-08  11:14:00,853.40,853.40,853.40,853.40,0,853.40,0,0
2010-11-08  11:15:00,853.40,853.40,853.40,853.40,4,853.40,0,2
2010-11-08  11:16:00,853.00,853.00,853.00,853.00,9,853.00,0,1
2010-11-08  11:17:00,853.00,853.00,853.00,853.00,0,853.00,0,0
2010-11-08  11:18:00,853.00,853.30,853.00,853.30,55,853.04,0,3
2010-11-08  11:19:00,852.10,853.30,852.10,853.30,42,852.67,0,2
2010-11-08  11:20:00,853.30,853.30,852.10,852.10,30,852.50,0,2
2010-11-08  11:21:00,853.00,853.00,853.00,853.00,10,853.00,0,1
2010-11-08  11:22:00,853.50,853.50,853.00,853.00,5,853.30,0,3
2010-11-08  11:23:00,853.00,853.00,853.00,853.00,0,853.00,0,0
2010-11-08  11:24:00,853.00,853.00,853.00,853.00,0,853.00,0,0
2010-11-08  11:25:00,853.00,853.00,853.00,853.00,0,853.00,0,0
2010-11-08  11:26:00,853.50,853.50,853.50,853.50,4,853.50,0,2
2010-11-08  11:27:00,853.55,853.55,853.55,853.55,5,853.55,0,1
2010-11-08  11:28:00,853.50,853.70,853.50,853.65,133,853.66,0,3
2010-11-08  11:29:00,853.70,853.70,853.70,853.70,100,853.70,0,2
2010-11-08  11:30:00,853.70,853.70,853.70,853.70,32,853.70,0,1
2010-11-08  11:31:00,853.70,853.70,853.70,853.70,10,853.70,0,1
2010-11-08  11:32:00,853.70,853.75,853.70,853.75,77,853.73,0,2
2010-11-08  11:33:00,853.75,853.75,853.75,853.75,0,853.75,0,0
2010-11-08  11:34:00,853.70,853.70,853.50,853.50,64,853.51,0,2
2010-11-08  11:35:00,853.50,853.50,853.50,853.50,1,853.50,0,1
2010-11-08  11:36:00,853.75,853.75,853.75,853.75,5,853.75,0,1
2010-11-08  11:37:00,853.80,853.80,853.80,853.80,5,853.80,0,1
2010-11-08  11:38:00,853.80,853.80,853.80,853.80,0,853.80,0,0
2010-11-08  11:39:00,853.80,853.80,853.80,853.80,15,853.80,0,1
2010-11-08  11:40:00,853.80,853.80,853.80,853.80,28,853.80,0,3
2010-11-08  11:41:00,853.80,853.80,853.50,853.50,52,853.79,0,2
2010-11-08  11:42:00,853.50,853.50,853.50,853.50,3,853.50,0,1
2010-11-08  11:43:00,853.50,853.50,853.50,853.50,14,853.50,0,1
2010-11-08  11:44:00,853.50,853.50,853.50,853.50,2,853.50,0,1
2010-11-08  11:45:00,853.80,853.80,853.50,853.80,110,853.79,0,4
2010-11-08  11:46:00,853.80,853.80,853.80,853.80,10,853.80,0,1
2010-11-08  11:47:00,853.80,853.80,853.80,853.80,0,853.80,0,0
2010-11-08  11:48:00,853.80,853.80,853.80,853.80,0,853.80,0,0
2010-11-08  11:49:00,853.80,853.80,853.80,853.80,5,853.80,0,1
2010-11-08  11:50:00,853.80,853.80,853.80,853.80,94,853.80,0,1
2010-11-08  11:51:00,853.80,853.80,853.00,853.00,63,853.195,0,4
2010-11-08  11:52:00,853.00,853.00,853.00,853.00,40,853.00,0,1
2010-11-08  11:53:00,852.90,853.80,852.00,852.00,200,852.15,0,5
2010-11-08  11:54:00,852.00,852.00,852.00,852.00,0,852.00,0,0
2010-11-08  11:55:00,852.10,852.10,852.10,852.10,10,852.10,0,1
2010-11-08  11:56:00,852.10,852.10,852.10,852.10,0,852.10,0,0
2010-11-08  11:57:00,852.10,852.10,852.10,852.10,0,852.10,0,0
2010-11-08  11:58:00,852.10,852.10,852.10,852.10,0,852.10,0,0
2010-11-08  11:59:00,853.70,853.75,853.70,853.75,18,853.715,0,3
2010-11-08  12:00:00,853.75,853.75,853.75,853.75,4,853.75,0,1
2010-11-08  12:01:00,852.35,852.35,852.35,852.35,13,852.35,0,2
2010-11-08  12:02:00,852.35,852.35,852.35,852.35,4,852.35,0,1
2010-11-08  12:03:00,852.35,852.35,852.35,852.35,0,852.35,0,0
2010-11-08  12:04:00,852.35,852.35,852.35,852.35,0,852.35,0,0
2010-11-08  12:05:00,852.35,852.35,852.35,852.35,0,852.35,0,0
2010-11-08  12:06:00,853.70,853.70,853.70,853.70,2,853.70,0,1
2010-11-08  12:07:00,853.70,853.80,853.70,853.80,11,853.78,0,2
2010-11-08  12:08:00,853.80,853.80,853.80,853.80,1,853.80,0,1
2010-11-08  12:09:00,853.80,853.80,853.80,853.80,5,853.80,0,1
2010-11-08  12:10:00,853.80,853.80,853.80,853.80,0,853.80,0,0
2010-11-08  12:11:00,853.80,853.80,853.80,853.80,0,853.80,0,0
2010-11-08  12:12:00,853.80,853.80,853.80,853.80,5,853.80,0,1
2010-11-08  12:13:00,853.80,853.80,853.80,853.80,50,853.80,0,1
2010-11-08  12:14:00,853.20,853.20,853.20,853.20,2,853.20,0,1
2010-11-08  12:15:00,853.30,853.30,853.30,853.30,4,853.30,0,1
2010-11-08  12:16:00,853.80,854.00,853.80,854.00,20,853.98,0,3
2010-11-08  12:17:00,854.00,854.00,854.00,854.00,10,854.00,0,1
2010-11-08  12:18:00,854.00,854.00,854.00,854.00,5,854.00,0,1
2010-11-08  12:19:00,853.30,854.00,853.30,854.00,119,853.89,0,2
2010-11-08  12:20:00,854.00,854.00,854.00,854.00,51,854.00,0,2
2010-11-08  12:21:00,854.50,854.50,854.50,854.50,10,854.50,0,1
2010-11-08  12:22:00,854.50,854.75,854.50,854.50,55,854.66,0,3
2010-11-08  12:23:00,854.50,854.70,854.50,854.70,9,854.59,0,2
2010-11-08  12:24:00,854.75,854.75,854.70,854.70,256,854.745,0,2
2010-11-08  12:25:00,854.50,854.50,854.50,854.50,1,854.50,0,1
2010-11-08  12:26:00,854.50,854.50,854.50,854.50,0,854.50,0,0
2010-11-08  12:27:00,854.00,854.50,854.00,854.00,20,854.10,0,3
2010-11-08  12:28:00,854.00,854.00,854.00,854.00,0,854.00,0,0
2010-11-08  12:29:00,854.00,854.00,854.00,854.00,0,854.00,0,0
2010-11-08  12:30:00,854.00,854.00,854.00,854.00,0,854.00,0,0
2010-11-08  12:31:00,853.60,853.60,853.60,853.60,8,853.60,0,1
2010-11-08  12:32:00,853.60,854.75,853.60,854.75,42,854.505,0,4
2010-11-08  12:33:00,854.75,854.75,854.75,854.75,7,854.75,0,1
2010-11-08  12:34:00,854.75,854.75,854.75,854.75,0,854.75,0,0
2010-11-08  12:35:00,854.50,854.50,854.50,854.50,7,854.50,0,1
2010-11-08  12:36:00,854.50,854.50,854.50,854.50,0,854.50,0,0
2010-11-08  12:37:00,854.00,854.00,854.00,854.00,25,854.00,0,1
2010-11-08  12:38:00,854.05,854.50,854.05,854.50,53,854.46,0,4
2010-11-08  12:39:00,854.45,854.45,854.00,854.00,17,854.155,0,5
2010-11-08  12:40:00,854.00,854.00,854.00,854.00,0,854.00,0,0
2010-11-08  12:41:00,853.35,853.35,853.35,853.35,20,853.35,0,2
2010-11-08  12:42:00,853.35,853.35,853.35,853.35,0,853.35,0,0
2010-11-08  12:43:00,853.35,853.35,853.35,853.35,0,853.35,0,0
2010-11-08  12:44:00,853.50,853.50,853.10,853.10,92,853.48,0,5
2010-11-08  12:46:00,853.40,853.40,853.40,853.40,25,853.40,0,1
2010-11-08  12:47:00,853.40,853.40,853.40,853.40,0,853.40,0,0
2010-11-08  12:48:00,853.40,853.40,853.40,853.40,10,853.40,0,1
2010-11-08  12:49:00,853.40,853.40,853.40,853.40,25,853.40,0,1
2010-11-08  12:50:00,853.40,853.40,853.40,853.40,0,853.40,0,0
2010-11-08  12:51:00,853.45,853.45,853.45,853.45,35,853.45,0,1
2010-11-08  12:52:00,853.45,853.45,853.15,853.15,13,853.38,0,2
2010-11-08  12:53:00,853.15,853.15,853.15,853.15,0,853.15,0,0
2010-11-08  12:54:00,853.45,853.45,853.45,853.45,6,853.45,0,1
2010-11-08  12:55:00,853.00,853.00,853.00,853.00,1,853.00,0,1
2010-11-08  12:56:00,852.70,852.70,852.70,852.70,1,852.70,0,1
2010-11-08  12:57:00,852.70,852.70,852.70,852.70,0,852.70,0,0
2010-11-08  12:58:00,853.00,853.00,853.00,853.00,1,853.00,0,1
2010-11-08  12:59:00,852.10,852.10,852.10,852.10,1,852.10,0,1
2010-11-08  13:00:00,852.10,852.10,852.10,852.10,0,852.10,0,0
2010-11-08  13:01:00,852.10,852.10,852.10,852.10,1,852.10,0,1
2010-11-08  13:02:00,853.00,853.00,853.00,853.00,10,853.00,0,1
2010-11-08  13:03:00,852.30,852.30,852.30,852.30,1,852.30,0,1
2010-11-08  13:04:00,853.00,853.00,852.30,853.00,31,852.775,0,4
2010-11-08  13:05:00,852.90,853.00,852.90,853.00,12,852.975,0,2
2010-11-08  13:06:00,852.55,853.00,852.00,853.00,58,852.325,0,4
2010-11-08  13:07:00,852.00,852.00,852.00,852.00,4,852.00,0,1
2010-11-08  13:08:00,852.00,852.00,852.00,852.00,0,852.00,0,0
2010-11-08  13:09:00,853.00,853.00,853.00,853.00,5,853.00,0,1
2010-11-08  13:10:00,853.00,853.00,853.00,853.00,0,853.00,0,0
2010-11-08  13:11:00,853.00,853.00,853.00,853.00,0,853.00,0,0
2010-11-08  13:12:00,853.00,853.00,852.50,852.50,23,852.98,0,3
2010-11-08  13:13:00,853.00,853.00,852.60,853.00,12,852.965,0,3
2010-11-08  13:14:00,853.00,853.00,853.00,853.00,19,853.00,0,2
2010-11-08  13:15:00,853.00,853.00,853.00,853.00,29,853.00,0,4
2010-11-08  13:16:00,853.00,853.00,853.00,853.00,0,853.00,0,0
2010-11-08  13:17:00,853.00,853.00,853.00,853.00,0,853.00,0,0
2010-11-08  13:18:00,853.00,853.00,853.00,853.00,0,853.00,0,0
2010-11-08  13:19:00,852.70,853.00,852.05,853.00,33,852.575,0,6
2010-11-08  13:20:00,852.70,852.70,852.70,852.70,13,852.70,0,2
2010-11-08  13:21:00,852.70,852.70,852.70,852.70,0,852.70,0,0
2010-11-08  13:22:00,852.75,852.75,852.75,852.75,11,852.75,0,1
2010-11-08  13:23:00,853.00,853.00,852.75,852.75,18,852.96,0,2
2010-11-08  13:24:00,852.70,852.70,852.70,852.70,4,852.70,0,1
2010-11-08  13:25:00,852.70,852.70,852.70,852.70,0,852.70,0,0
2010-11-08  13:26:00,853.00,853.00,853.00,853.00,19,853.00,0,1
2010-11-08  13:27:00,852.70,853.00,852.70,853.00,30,852.75,0,2
2010-11-08  13:28:00,853.45,853.45,853.45,853.45,1,853.45,0,1
2010-11-08  13:29:00,853.45,853.45,853.45,853.45,5,853.45,0,1
2010-11-08  13:30:00,853.45,853.45,853.45,853.45,0,853.45,0,0
2010-11-08  13:31:00,853.00,853.00,853.00,853.00,65,853.00,0,1
2010-11-08  13:32:00,853.00,853.00,853.00,853.00,0,853.00,0,0
2010-11-08  13:33:00,853.45,853.45,853.00,853.00,17,853.185,0,2
2010-11-08  13:34:00,853.00,853.00,853.00,853.00,7,853.00,0,1
2010-11-08  13:35:00,852.00,852.00,852.00,852.00,6,852.00,0,1
2010-11-08  13:36:00,852.00,852.00,852.00,852.00,0,852.00,0,0
2010-11-08  13:37:00,853.45,853.45,853.45,853.45,5,853.45,0,1
2010-11-08  13:38:00,852.50,852.50,852.50,852.50,14,852.50,0,2
2010-11-08  13:39:00,853.45,853.45,853.45,853.45,46,853.45,0,3
2010-11-08  13:40:00,852.15,853.45,852.15,853.45,11,853.215,0,2
2010-11-08  13:41:00,853.40,853.40,853.40,853.40,4,853.40,0,2
2010-11-08  13:42:00,853.40,853.40,853.40,853.40,0,853.40,0,0
2010-11-08  13:43:00,853.40,853.40,853.40,853.40,2,853.40,0,1
2010-11-08  13:44:00,853.45,853.45,853.45,853.45,10,853.45,0,1
2010-11-08  13:45:00,853.45,853.45,853.45,853.45,21,853.45,0,2
2010-11-08  13:46:00,853.45,853.45,853.45,853.45,0,853.45,0,0
2010-11-08  13:47:00,853.45,853.45,853.45,853.45,0,853.45,0,0
2010-11-08  13:48:00,853.45,853.45,853.45,853.45,0,853.45,0,0
2010-11-08  13:49:00,852.55,853.45,852.55,853.45,11,853.205,0,2
2010-11-08  13:50:00,852.55,852.55,852.55,852.55,10,852.55,0,3
2010-11-08  13:51:00,852.55,852.55,852.55,852.55,1,852.55,0,1
2010-11-08  13:52:00,851.15,851.60,851.15,851.60,82,851.56,0,4
2010-11-08  13:53:00,851.60,851.60,851.20,851.60,213,851.57,0,5
2010-11-08  13:54:00,853.25,853.30,853.25,853.30,47,853.265,0,2
2010-11-08  13:55:00,853.45,853.45,853.45,853.45,19,853.45,0,3
2010-11-08  13:56:00,853.90,853.90,853.90,853.90,59,853.90,0,3
2010-11-08  13:57:00,852.05,854.00,852.05,854.00,194,853.92,0,5
2010-11-08  13:58:00,853.95,853.95,853.95,853.95,10,853.95,0,1
2010-11-08  13:59:00,852.45,852.60,852.45,852.60,2,852.525,0,2
2010-11-08  14:00:00,852.60,852.60,852.60,852.60,0,852.60,0,0
2010-11-08  14:01:00,853.45,853.45,853.05,853.05,4,853.35,0,2
2010-11-08  14:02:00,853.00,853.00,853.00,853.00,3,853.00,0,1
2010-11-08  14:03:00,853.00,853.00,853.00,853.00,2,853.00,0,1
2010-11-08  14:04:00,854.50,854.55,854.50,854.55,35,854.54,0,2
2010-11-08  14:05:00,854.45,854.45,854.45,854.45,25,854.45,0,1
2010-11-08  14:06:00,854.45,854.45,854.45,854.45,15,854.45,0,2
2010-11-08  14:07:00,853.50,853.50,853.50,853.50,2,853.50,0,1
2010-11-08  14:08:00,853.00,853.00,852.50,852.50,26,852.675,0,4
2010-11-08  14:09:00,852.50,852.50,852.50,852.50,0,852.50,0,0
2010-11-08  14:10:00,854.55,854.55,854.55,854.55,13,854.55,0,1
2010-11-08  14:11:00,853.15,855.00,853.15,855.00,12,854.69,0,2
2010-11-08  14:12:00,855.00,855.00,855.00,855.00,4,855.00,0,2
2010-11-08  14:13:00,855.00,855.00,855.00,855.00,90,855.00,0,2
2010-11-08  14:14:00,855.00,855.50,855.00,855.50,192,855.08,0,7
2010-11-08  14:15:00,856.35,858.00,856.35,858.00,106,857.45,0,7
2010-11-08  14:16:00,857.10,857.90,857.10,857.10,127,857.205,0,5
2010-11-08  14:17:00,857.10,857.90,857.00,857.00,283,857.22,0,5
2010-11-08  14:18:00,858.00,860.00,858.00,858.55,61,858.475,0,4
2010-11-08  14:19:00,859.00,859.40,858.00,858.00,25,858.745,0,4
2010-11-08  14:20:00,858.00,859.80,858.00,859.80,11,859.635,0,2
2010-11-08  14:21:00,859.80,859.80,859.80,859.80,0,859.80,0,0
2010-11-08  14:22:00,858.30,858.30,857.25,857.25,199,858.19,0,8
2010-11-08  14:23:00,857.25,859.20,857.25,859.20,100,857.82,0,4
2010-11-08  14:24:00,858.30,859.00,858.30,858.30,10,858.50,0,4
2010-11-08  14:25:00,859.00,859.90,858.30,859.00,131,858.95,0,5
2010-11-08  14:26:00,859.00,860.00,859.00,860.00,140,859.20,0,7
2010-11-08  14:27:00,860.00,860.00,860.00,860.00,141,860.00,0,5
2010-11-08  14:28:00,860.55,860.55,860.00,860.45,123,860.415,0,13
2010-11-08  14:29:00,860.00,860.00,856.00,858.90,283,858.755,0,15
2010-11-08  14:30:00,857.60,858.85,857.60,858.40,94,858.285,0,8
2010-11-08  14:31:00,860.00,860.00,860.00,860.00,121,860.00,0,5
2010-11-08  14:32:00,858.05,860.50,858.05,860.00,80,860.05,0,5
2010-11-08  14:33:00,860.65,860.65,860.65,860.65,20,860.65,0,1
2010-11-08  14:34:00,859.05,860.55,859.05,860.00,68,859.675,0,5
2010-11-08  14:35:00,860.90,860.90,860.00,860.00,15,860.84,0,2
2010-11-08  14:36:00,860.00,860.00,860.00,860.00,16,860.00,0,3
2010-11-08  14:37:00,860.00,862.10,860.00,862.00,57,860.74,0,6
2010-11-08  14:38:00,862.00,862.10,861.00,862.10,68,861.82,0,8
2010-11-08  14:39:00,862.30,865.00,862.30,864.10,395,864.16,0,16
2010-11-08  14:40:00,864.00,864.50,862.60,862.60,392,864.01,0,8
2010-11-08  14:41:00,862.60,863.00,862.60,863.00,29,862.905,0,4
2010-11-08  14:42:00,863.05,865.00,863.05,864.90,33,863.725,0,4
2010-11-08  14:43:00,864.80,864.80,864.00,864.70,178,864.735,0,7
2010-11-08  14:44:00,864.70,864.85,864.00,864.05,75,864.32,0,8
2010-11-08  14:45:00,864.05,864.80,864.00,864.00,51,864.38,0,7
2010-11-08  14:46:00,863.25,864.40,863.25,864.40,18,863.315,0,3
2010-11-08  14:47:00,864.40,864.55,863.30,864.55,190,863.90,0,9
2010-11-08  14:48:00,863.40,863.45,863.40,863.40,98,863.42,0,4
2010-11-08  14:49:00,863.50,863.50,863.50,863.50,4,863.50,0,1
2010-11-08  14:50:00,864.00,864.50,863.10,864.30,176,863.515,0,11
2010-11-08  14:51:00,864.30,864.30,863.00,863.40,56,863.19,0,15
2010-11-08  14:52:00,863.40,863.70,863.00,863.70,30,863.185,0,12
2010-11-08  14:53:00,862.55,863.80,862.55,863.80,132,862.58,0,7
2010-11-08  14:54:00,863.70,863.80,863.70,863.80,70,863.77,0,6
2010-11-08  14:55:00,863.80,863.90,863.80,863.90,98,863.89,0,3
2010-11-08  14:56:00,863.40,863.40,863.40,863.40,102,863.40,0,2
2010-11-08  14:57:00,863.40,863.40,863.40,863.40,59,863.40,0,4
2010-11-08  14:58:00,863.40,864.00,862.55,864.00,41,863.42,0,5
2010-11-08  14:59:00,863.00,864.00,863.00,864.00,17,863.745,0,3
2010-11-08  15:00:00,863.90,864.00,863.90,864.00,99,863.975,0,4
2010-11-08  15:01:00,863.95,864.00,863.95,864.00,48,863.975,0,5
2010-11-08  15:02:00,863.95,864.55,863.95,864.55,56,863.995,0,4
2010-11-08  15:03:00,864.55,865.00,864.00,865.00,13,864.58,0,4
2010-11-08  15:04:00,864.15,864.15,864.15,864.15,10,864.15,0,1
2010-11-08  15:05:00,864.15,864.15,864.15,864.15,0,864.15,0,0
2010-11-08  15:06:00,864.15,865.00,864.15,865.00,23,864.505,0,4
2010-11-08  15:07:00,865.00,865.00,864.40,864.40,75,864.55,0,4
2010-11-08  15:08:00,864.50,865.00,864.50,864.50,39,864.65,0,6
2010-11-08  15:09:00,864.55,864.55,864.55,864.55,17,864.55,0,1
2010-11-08  15:10:00,864.55,865.00,864.55,864.95,135,864.91,0,4
2010-11-08  15:11:00,864.95,864.95,864.95,864.95,3,864.95,0,3
2010-11-08  15:12:00,864.95,865.00,864.55,865.00,19,864.74,0,3
2010-11-08  15:13:00,865.45,865.45,864.60,864.60,9,865.26,0,2
2010-11-08  15:14:00,865.00,867.00,864.65,867.00,356,866.18,0,12
2010-11-08  15:15:00,867.00,870.60,867.00,870.35,335,867.71,0,16
2010-11-08  15:16:00,872.00,875.50,869.95,870.00,812,872.86,0,28
2010-11-08  15:17:00,870.05,870.05,868.30,868.30,360,870.01,0,12
2010-11-08  15:18:00,869.90,869.90,868.30,869.00,85,869.47,0,10
2010-11-08  15:19:00,869.80,869.80,868.20,868.20,82,869.165,0,8
2010-11-08  15:20:00,868.05,869.00,868.05,869.00,94,868.33,0,7
2010-11-08  15:21:00,868.50,869.50,868.00,869.10,114,868.91,0,10
2010-11-08  15:22:00,869.00,870.00,868.10,870.00,37,868.995,0,8
2010-11-08  15:23:00,869.50,869.50,869.50,869.50,21,869.50,0,4
2010-11-08  15:24:00,868.00,869.95,868.00,868.30,49,868.42,0,5
2010-11-08  15:25:00,868.50,869.45,867.05,867.45,108,868.16,0,10
2010-11-08  15:26:00,868.10,869.00,868.00,868.00,181,868.165,0,8
2010-11-08  15:27:00,868.00,869.40,867.05,869.40,84,868.43,0,9
2010-11-08  15:28:00,867.05,869.40,862.55,862.55,226,865.275,0,8
2010-11-08  15:29:00,863.50,868.00,863.50,868.00,374,865.99,0,12
2010-11-09  09:15:00,869.00,870.00,869.00,869.80,52,869.75,0,5
2010-11-09  09:16:00,869.80,870.00,869.00,870.00,279,869.805,0,10
2010-11-09  09:17:00,869.90,869.90,866.15,868.90,39,868.64,0,7
2010-11-09  09:18:00,868.00,868.00,866.50,866.55,112,867.54,0,6
2010-11-09  09:19:00,867.90,871.00,867.90,870.00,110,868.435,0,8
2010-11-09  09:20:00,871.80,871.90,870.10,871.00,218,871.02,0,10
2010-11-09  09:21:00,871.00,871.70,870.15,870.20,183,870.75,0,7
2010-11-09  09:22:00,871.00,871.70,871.00,871.70,18,871.505,0,3
2010-11-09  09:23:00,871.35,871.70,871.35,871.35,216,871.69,0,5
2010-11-09  09:24:00,871.70,872.00,871.70,871.70,133,871.755,0,5
2010-11-09  09:25:00,871.70,871.70,870.00,870.00,22,870.79,0,4
2010-11-09  09:26:00,869.90,870.00,869.90,870.00,359,869.935,0,7
2010-11-09  09:27:00,869.90,870.10,869.90,870.10,106,870.09,0,2
2010-11-09  09:28:00,871.20,871.65,871.20,871.65,210,871.64,0,3
2010-11-09  09:29:00,871.20,871.65,871.20,871.65,26,871.615,0,3
2010-11-09  09:30:00,871.20,871.20,870.90,870.90,19,871.005,0,3
2010-11-09  09:31:00,870.25,870.90,870.25,870.70,165,870.665,0,6
2010-11-09  09:32:00,870.00,870.00,869.85,870.00,131,869.91,0,6
2010-11-09  09:33:00,869.10,869.20,869.10,869.20,96,869.185,0,2
2010-11-09  09:34:00,870.00,870.00,869.00,870.00,591,869.12,0,10
2010-11-09  09:35:00,870.05,870.05,870.05,870.05,11,870.05,0,3
2010-11-09  09:36:00,870.70,870.70,870.05,870.05,43,870.655,0,3
2010-11-09  09:37:00,870.70,870.70,870.70,870.70,143,870.70,0,2
2010-11-09  09:38:00,870.00,870.00,870.00,870.00,20,870.00,0,1
2010-11-09  09:39:00,868.35,869.80,868.35,869.80,30,868.835,0,3
2010-11-09  09:40:00,868.35,868.35,868.35,868.35,35,868.35,0,1
2010-11-09  09:41:00,869.15,870.00,869.00,870.00,149,869.05,0,5
2010-11-09  09:42:00,870.00,870.00,870.00,870.00,5,870.00,0,1
2010-11-09  09:43:00,869.20,870.00,869.20,870.00,17,869.575,0,2
2010-11-09  09:44:00,869.55,869.55,869.55,869.55,20,869.55,0,2
2010-11-09  09:45:00,869.85,869.85,869.55,869.55,23,869.825,0,5
2010-11-09  09:46:00,869.55,869.55,869.55,869.55,2,869.55,0,1
2010-11-09  09:47:00,869.90,869.90,869.90,869.90,113,869.90,0,3
2010-11-09  09:48:00,869.10,869.45,869.10,869.45,23,869.115,0,2
2010-11-09  09:49:00,869.65,869.65,869.50,869.50,19,869.54,0,2
2010-11-09  09:50:00,869.45,869.45,869.45,869.45,9,869.45,0,1
2010-11-09  09:51:00,869.45,869.45,869.45,869.45,0,869.45,0,0
2010-11-09  09:52:00,869.60,869.75,868.10,868.10,63,869.64,0,5
2010-11-09  09:53:00,868.10,869.85,868.10,868.50,42,868.81,0,3
2010-11-09  09:54:00,869.80,869.80,868.60,868.60,4,869.20,0,2
2010-11-09  09:55:00,869.50,869.50,868.50,868.50,175,868.57,0,5
2010-11-09  09:56:00,868.50,868.50,868.50,868.50,0,868.50,0,0
2010-11-09  09:57:00,869.25,869.25,869.15,869.15,7,869.195,0,3
2010-11-09  09:58:00,869.25,869.25,868.05,868.05,19,868.275,0,3
2010-11-09  09:59:00,868.10,868.20,868.00,868.20,19,868.12,0,4
2010-11-09  10:00:00,869.00,869.00,869.00,869.00,5,869.00,0,1
2010-11-09  10:01:00,868.60,869.25,868.60,869.25,59,869.145,0,7
2010-11-09  10:02:00,869.15,869.25,868.50,868.50,68,869.225,0,5
2010-11-09  10:03:00,869.25,869.25,867.90,867.90,59,868.56,0,3
2010-11-09  10:04:00,868.00,869.00,868.00,869.00,20,868.75,0,4
2010-11-09  10:05:00,869.10,869.25,868.15,869.25,44,868.695,0,4
2010-11-09  10:06:00,869.10,869.25,868.20,869.00,18,869.045,0,4
2010-11-09  10:07:00,869.00,869.00,869.00,869.00,26,869.00,0,3
2010-11-09  10:08:00,869.20,869.20,868.20,868.20,30,868.565,0,3
2010-11-09  10:09:00,868.55,868.95,868.55,868.95,27,868.875,0,4
2010-11-09  10:10:00,868.95,868.95,868.95,868.95,2,868.95,0,1
2010-11-09  10:11:00,869.00,869.25,869.00,869.25,46,869.165,0,5
2010-11-09  10:12:00,869.20,869.20,869.20,869.20,1,869.20,0,1
2010-11-09  10:13:00,869.20,869.25,869.20,869.25,57,869.245,0,3
2010-11-09  10:14:00,869.25,869.25,869.25,869.25,15,869.25,0,2
2010-11-09  10:15:00,869.25,869.25,869.25,869.25,28,869.25,0,2
2010-11-09  10:16:00,869.25,869.25,869.20,869.25,16,869.245,0,3
2010-11-09  10:17:00,869.20,869.25,869.20,869.25,2,869.225,0,2
2010-11-09  10:18:00,869.20,869.20,869.20,869.20,16,869.20,0,2
2010-11-09  10:19:00,869.20,869.20,869.20,869.20,15,869.20,0,3
2010-11-09  10:20:00,868.20,868.20,868.20,868.20,9,868.20,0,1
2010-11-09  10:21:00,869.25,869.25,869.25,869.25,102,869.25,0,6
2010-11-09  10:22:00,869.25,869.25,869.25,869.25,86,869.25,0,4
2010-11-09  10:23:00,869.45,869.55,869.35,869.55,25,869.46,0,5
2010-11-09  10:24:00,869.55,869.55,869.55,869.55,1,869.55,0,1
2010-11-09  10:25:00,869.55,869.55,869.55,869.55,0,869.55,0,0
2010-11-09  10:26:00,869.55,869.55,868.65,868.65,34,869.285,0,3
2010-11-09  10:27:00,868.65,868.65,868.05,868.05,26,868.375,0,4
2010-11-09  10:28:00,869.50,869.50,868.05,868.05,26,869.445,0,2
2010-11-09  10:29:00,868.05,869.50,868.05,869.50,42,868.085,0,2
2010-11-09  10:30:00,869.50,869.50,869.50,869.50,33,869.50,0,1
2010-11-09  10:31:00,869.00,869.50,869.00,869.50,169,869.35,0,4
2010-11-09  10:32:00,869.25,869.50,869.25,869.35,58,869.435,0,5
2010-11-09  10:33:00,869.45,869.45,869.45,869.45,8,869.45,0,2
2010-11-09  10:34:00,869.45,869.45,869.05,869.05,47,869.24,0,9
2010-11-09  10:35:00,869.05,869.05,869.05,869.05,5,869.05,0,2
2010-11-09  10:36:00,869.00,869.00,869.00,869.00,6,869.00,0,2
2010-11-09  10:37:00,868.70,868.70,868.70,868.70,1,868.70,0,1
2010-11-09  10:38:00,868.70,868.70,868.70,868.70,0,868.70,0,0
2010-11-09  10:39:00,868.70,868.70,868.70,868.70,0,868.70,0,0
2010-11-09  10:40:00,868.85,868.85,868.50,868.50,16,868.83,0,3
2010-11-09  10:41:00,868.50,868.50,868.50,868.50,0,868.50,0,0
2010-11-09  10:42:00,868.95,868.95,868.25,868.25,15,868.875,0,3
2010-11-09  10:43:00,869.00,869.00,869.00,869.00,2,869.00,0,2
2010-11-09  10:44:00,869.30,869.30,868.80,868.80,16,869.27,0,3
2010-11-09  10:45:00,868.80,868.80,868.80,868.80,0,868.80,0,0
2010-11-09  10:46:00,868.35,868.35,868.35,868.35,1,868.35,0,1
2010-11-09  10:47:00,868.80,868.80,868.80,868.80,20,868.80,0,1
2010-11-09  10:48:00,868.80,869.20,868.80,869.20,21,868.935,0,2
2010-11-09  10:49:00,869.30,869.45,869.30,869.45,7,869.405,0,2
2010-11-09  10:50:00,869.45,869.50,869.40,869.50,61,869.46,0,5
2010-11-09  10:51:00,869.45,869.45,869.45,869.45,2,869.45,0,1
2010-11-09  10:52:00,869.45,869.45,869.45,869.45,3,869.45,0,1
2010-11-09  10:53:00,869.00,869.00,869.00,869.00,12,869.00,0,1
2010-11-09  10:54:00,869.40,869.40,869.40,869.40,29,869.40,0,5
2010-11-09  10:55:00,869.40,869.40,869.40,869.40,12,869.40,0,3
2010-11-09  10:56:00,869.35,869.50,869.35,869.50,57,869.48,0,4
2010-11-09  10:57:00,869.50,869.50,869.50,869.50,20,869.50,0,1
2010-11-09  10:58:00,869.40,869.40,869.40,869.40,6,869.40,0,1
2010-11-09  10:59:00,869.45,869.45,869.45,869.45,5,869.45,0,1
2010-11-09  11:00:00,869.45,869.50,869.45,869.45,24,869.46,0,3
2010-11-09  11:01:00,869.45,869.45,869.45,869.45,2,869.45,0,1
2010-11-09  11:02:00,869.00,869.00,869.00,869.00,18,869.00,0,2
2010-11-09  11:03:00,869.00,869.00,869.00,869.00,3,869.00,0,1
2010-11-09  11:04:00,868.50,868.50,868.30,868.30,44,868.49,0,4
2010-11-09  11:05:00,868.25,868.25,868.25,868.25,24,868.25,0,3
2010-11-09  11:06:00,868.25,868.25,868.05,868.05,4,868.20,0,2
2010-11-09  11:07:00,868.25,868.25,868.05,868.05,26,868.24,0,2
2010-11-09  11:08:00,868.25,868.25,868.05,868.05,82,868.235,0,4
2010-11-09  11:09:00,868.25,868.45,868.05,868.45,100,868.28,0,5
2010-11-09  11:10:00,868.50,868.50,868.05,868.05,55,868.47,0,8
2010-11-09  11:11:00,868.05,868.05,868.05,868.05,6,868.05,0,2
2010-11-09  11:12:00,868.10,868.10,868.10,868.10,2,868.10,0,2
2010-11-09  11:13:00,868.10,868.10,868.10,868.10,0,868.10,0,0
2010-11-09  11:14:00,868.50,868.50,868.50,868.50,12,868.50,0,3
2010-11-09  11:15:00,868.50,868.50,868.50,868.50,0,868.50,0,0
2010-11-09  11:16:00,868.10,868.90,868.10,868.80,4,868.475,0,3
2010-11-09  11:17:00,868.80,868.80,868.00,868.00,11,868.725,0,2
2010-11-09  11:18:00,868.00,868.00,868.00,868.00,17,868.00,0,1
2010-11-09  11:19:00,867.10,867.10,867.10,867.10,9,867.10,0,2
2010-11-09  11:20:00,867.10,867.10,867.00,867.00,16,867.025,0,5
2010-11-09  11:21:00,867.00,867.00,867.00,867.00,1,867.00,0,1
2010-11-09  11:22:00,867.00,867.00,867.00,867.00,12,867.00,0,2
2010-11-09  11:23:00,867.95,867.95,867.95,867.95,12,867.95,0,2
2010-11-09  11:24:00,867.95,867.95,866.05,866.10,190,866.15,0,3
2010-11-09  11:25:00,866.10,866.10,866.10,866.10,0,866.10,0,0
2010-11-09  11:26:00,866.10,866.10,866.10,866.10,0,866.10,0,0
2010-11-09  11:27:00,866.50,866.50,865.00,865.00,15,865.40,0,4
2010-11-09  11:28:00,865.25,865.25,865.25,865.25,25,865.25,0,1
2010-11-09  11:29:00,865.25,865.25,865.25,865.25,6,865.25,0,3
2010-11-09  11:30:00,865.25,865.25,863.00,863.00,37,864.195,0,6
2010-11-09  11:31:00,862.20,863.95,862.10,862.10,61,862.465,0,6
2010-11-09  11:32:00,863.05,863.95,863.05,863.95,4,863.50,0,3
2010-11-09  11:33:00,863.95,863.95,863.95,863.95,0,863.95,0,0
2010-11-09  11:34:00,863.95,863.95,863.20,863.20,115,863.815,0,3
2010-11-09  11:35:00,863.90,863.90,863.50,863.50,53,863.89,0,4
2010-11-09  11:36:00,863.50,863.50,863.25,863.25,31,863.345,0,4
2010-11-09  11:37:00,863.50,863.50,863.50,863.50,76,863.50,0,2
2010-11-09  11:38:00,862.75,864.50,862.75,864.25,16,863.92,0,7
2010-11-09  11:39:00,864.00,864.00,864.00,864.00,10,864.00,0,1
2010-11-09  11:40:00,862.75,862.75,862.75,862.75,5,862.75,0,1
2010-11-09  11:41:00,863.00,863.95,863.00,863.95,53,863.45,0,3
2010-11-09  11:42:00,862.75,862.75,862.75,862.75,5,862.75,0,1
2010-11-09  11:43:00,862.75,863.90,862.75,863.90,11,862.96,0,2
2010-11-09  11:44:00,863.95,864.00,863.75,864.00,129,863.925,0,5
2010-11-09  11:45:00,864.00,864.00,863.90,863.90,53,863.905,0,2
2010-11-09  11:46:00,863.90,863.90,863.90,863.90,1,863.90,0,1
2010-11-09  11:47:00,864.45,864.50,864.45,864.50,8,864.49,0,3
2010-11-09  11:48:00,864.50,864.50,864.50,864.50,12,864.50,0,1
2010-11-09  11:49:00,864.50,864.50,864.50,864.50,0,864.50,0,0
2010-11-09  11:50:00,864.05,864.05,864.05,864.05,13,864.05,0,1
2010-11-09  11:51:00,864.05,864.05,864.05,864.05,6,864.05,0,3
2010-11-09  11:52:00,864.05,864.05,864.05,864.05,0,864.05,0,0
2010-11-09  11:53:00,864.05,864.05,864.05,864.05,0,864.05,0,0
2010-11-09  11:54:00,864.45,864.45,864.45,864.45,37,864.45,0,3
2010-11-09  11:55:00,864.50,864.50,864.50,864.50,12,864.50,0,2
2010-11-09  11:56:00,863.15,863.15,863.15,863.15,38,863.15,0,3
2010-11-09  11:57:00,863.90,863.90,862.90,862.90,10,863.00,0,2
2010-11-09  11:58:00,862.80,862.80,861.10,861.10,152,862.635,0,9
2010-11-09  11:59:00,861.10,861.10,861.10,861.10,2,861.10,0,1
2010-11-09  12:00:00,861.50,862.40,861.50,861.50,24,861.93,0,4
2010-11-09  12:01:00,861.50,862.00,860.05,860.05,182,860.37,0,6
2010-11-09  12:02:00,860.05,860.05,857.00,857.00,74,858.865,0,12
2010-11-09  12:03:00,857.50,857.50,856.35,857.10,60,857.21,0,9
2010-11-09  12:04:00,857.05,857.50,856.50,856.60,92,857.33,0,5
2010-11-09  12:05:00,857.50,858.40,857.50,857.50,25,857.68,0,3
2010-11-09  12:06:00,857.55,857.55,856.65,856.65,39,857.14,0,6
2010-11-09  12:07:00,856.00,856.00,855.50,856.00,96,855.945,0,9
2010-11-09  12:08:00,857.00,857.85,857.00,857.55,66,857.56,0,5
2010-11-09  12:09:00,857.55,858.00,857.55,857.95,86,857.94,0,6
2010-11-09  12:10:00,857.90,857.95,857.90,857.95,201,857.90,0,2
2010-11-09  12:11:00,857.85,858.85,857.85,858.75,94,858.005,0,11
2010-11-09  12:12:00,858.80,859.00,858.00,859.00,265,858.895,0,14
2010-11-09  12:13:00,858.85,858.85,858.85,858.85,25,858.85,0,1
2010-11-09  12:14:00,859.00,859.05,859.00,859.00,23,859.005,0,4
2010-11-09  12:15:00,857.75,859.00,857.00,859.00,24,858.53,0,5
2010-11-09  12:16:00,858.00,858.00,858.00,858.00,40,858.00,0,2
2010-11-09  12:17:00,859.60,859.60,859.60,859.60,25,859.60,0,1
2010-11-09  12:18:00,858.30,858.30,858.30,858.30,19,858.30,0,2
2010-11-09  12:19:00,859.45,859.45,858.45,858.45,46,859.19,0,5
2010-11-09  12:20:00,858.45,859.55,858.45,859.55,92,859.295,0,5
2010-11-09  12:21:00,858.45,860.00,858.45,860.00,132,859.75,0,8
2010-11-09  12:22:00,860.45,863.00,860.45,861.95,37,861.56,0,7
2010-11-09  12:23:00,862.00,862.80,861.90,862.50,48,862.34,0,5
2010-11-09  12:24:00,861.30,861.30,861.30,861.30,1,861.30,0,1
2010-11-09  12:25:00,862.00,862.00,862.00,862.00,2,862.00,0,2
2010-11-09  12:26:00,862.45,862.45,862.00,862.45,115,862.32,0,8
2010-11-09  12:27:00,862.85,863.00,862.50,863.00,137,862.70,0,7
2010-11-09  12:28:00,863.35,863.35,863.35,863.35,10,863.35,0,1
2010-11-09  12:29:00,863.50,863.50,862.50,862.50,99,863.455,0,9
2010-11-09  12:30:00,863.35,863.35,863.10,863.10,56,863.125,0,7
2010-11-09  12:31:00,863.35,863.35,862.50,862.65,126,862.83,0,10
2010-11-09  12:32:00,862.50,863.35,862.20,863.35,10,862.555,0,3
2010-11-09  12:33:00,863.00,863.00,862.10,862.10,144,862.25,0,6
2010-11-09  12:34:00,860.00,862.45,860.00,861.00,24,860.52,0,4
2010-11-09  12:35:00,861.50,861.50,861.50,861.50,2,861.50,0,1
2010-11-09  12:36:00,861.50,861.50,861.50,861.50,17,861.50,0,1
2010-11-09  12:37:00,861.50,861.50,861.50,861.50,0,861.50,0,0
2010-11-09  12:38:00,857.25,861.00,857.25,860.00,15,860.00,0,4
2010-11-09  12:39:00,860.00,861.00,860.00,861.00,17,860.88,0,2
2010-11-09  12:40:00,861.00,861.00,861.00,861.00,3,861.00,0,1
2010-11-09  12:41:00,861.00,861.45,861.00,861.00,114,861.075,0,6
2010-11-09  12:42:00,861.00,863.00,861.00,863.00,317,862.685,0,3
2010-11-09  12:43:00,862.50,863.70,862.50,863.70,82,862.805,0,9
2010-11-09  12:44:00,863.20,863.60,863.20,863.60,20,863.29,0,8
2010-11-09  12:45:00,863.50,863.70,862.20,862.20,113,863.225,0,8
2010-11-09  12:46:00,862.90,862.90,862.70,862.70,19,862.71,0,2
2010-11-09  12:47:00,862.55,862.80,862.00,862.80,8,862.57,0,7
2010-11-09  12:48:00,862.65,862.65,862.00,862.00,142,862.145,0,9
2010-11-09  12:49:00,862.10,862.10,860.00,860.00,6,861.15,0,4
2010-11-09  12:50:00,861.00,861.00,860.95,860.95,2,860.975,0,2
2010-11-09  12:51:00,858.90,860.00,858.90,860.00,26,859.195,0,4
2010-11-09  12:52:00,859.90,859.90,858.90,859.85,23,859.16,0,3
2010-11-09  12:53:00,859.75,859.85,859.75,859.85,21,859.755,0,2
2010-11-09  12:54:00,858.30,858.30,858.30,858.30,9,858.30,0,1
2010-11-09  12:55:00,859.00,859.00,859.00,859.00,1,859.00,0,1
2010-11-09  12:56:00,859.00,859.00,859.00,859.00,0,859.00,0,0
2010-11-09  12:57:00,860.00,860.00,860.00,860.00,1,860.00,0,1
2010-11-09  12:58:00,860.50,861.70,860.50,861.10,118,860.63,0,5
2010-11-09  12:59:00,861.00,861.60,860.25,860.25,53,861.10,0,3
2010-11-09  13:00:00,861.60,861.60,861.00,861.60,8,861.225,0,3
2010-11-09  13:01:00,861.70,861.70,861.00,861.00,23,861.665,0,4
2010-11-09  13:02:00,861.00,861.00,861.00,861.00,0,861.00,0,0
2010-11-09  13:03:00,861.00,861.00,861.00,861.00,0,861.00,0,0
2010-11-09  13:04:00,861.00,861.00,861.00,861.00,0,861.00,0,0
2010-11-09  13:05:00,860.75,860.75,860.75,860.75,3,860.75,0,2
2010-11-09  13:06:00,860.75,860.80,859.10,860.70,17,860.42,0,9
2010-11-09  13:07:00,860.70,860.75,859.95,860.75,5,860.56,0,5
2010-11-09  13:08:00,860.75,860.75,860.70,860.75,15,860.72,0,6
2010-11-09  13:09:00,859.30,860.70,859.30,860.60,32,859.915,0,4
2010-11-09  13:10:00,860.60,860.60,860.55,860.55,11,860.575,0,3
2010-11-09  13:11:00,860.55,864.50,860.55,864.50,37,862.15,0,4
2010-11-09  13:12:00,861.00,863.40,861.00,863.40,5,862.92,0,2
2010-11-09  13:13:00,862.50,863.30,862.50,863.30,22,862.535,0,3
2010-11-09  13:14:00,863.30,863.30,863.30,863.30,0,863.30,0,0
2010-11-09  13:15:00,862.95,862.95,862.95,862.95,20,862.95,0,3
2010-11-09  13:16:00,862.00,862.85,861.15,862.60,28,861.595,0,6
2010-11-09  13:17:00,862.35,862.35,859.50,859.50,36,860.53,0,6
2010-11-09  13:18:00,861.00,861.00,860.00,860.95,7,860.565,0,3
2010-11-09  13:19:00,860.95,860.95,860.05,860.95,15,860.71,0,4
2010-11-09  13:20:00,860.85,860.95,859.10,859.10,21,860.56,0,7
2010-11-09  13:21:00,861.00,862.00,860.50,860.50,6,861.14,0,5
2010-11-09  13:22:00,861.00,862.75,861.00,862.75,10,862.13,0,4
2010-11-09  13:23:00,862.55,862.75,862.15,862.65,13,862.565,0,6
2010-11-09  13:24:00,862.30,862.85,862.15,862.85,6,862.375,0,4
2010-11-09  13:25:00,862.75,862.75,862.65,862.65,2,862.70,0,2
2010-11-09  13:26:00,861.40,862.45,860.45,862.00,11,861.845,0,8
2010-11-09  13:27:00,861.00,861.00,861.00,861.00,22,861.00,0,2
2010-11-09  13:28:00,862.45,862.45,862.45,862.45,1,862.45,0,1
2010-11-09  13:29:00,861.95,862.30,861.90,862.30,72,862.03,0,6
2010-11-09  13:30:00,862.30,862.30,862.30,862.30,0,862.30,0,0
2010-11-09  13:31:00,861.65,861.65,861.65,861.65,2,861.65,0,1
2010-11-09  13:32:00,861.10,862.00,861.10,862.00,4,861.775,0,2
2010-11-09  13:33:00,862.10,862.10,862.00,862.00,33,862.075,0,6
2010-11-09  13:34:00,862.00,862.00,862.00,862.00,15,862.00,0,3
2010-11-09  13:35:00,862.00,862.00,862.00,862.00,4,862.00,0,2
2010-11-09  13:36:00,861.80,861.80,861.80,861.80,3,861.80,0,1
2010-11-09  13:37:00,861.80,862.00,861.80,862.00,5,861.90,0,3
2010-11-09  13:38:00,861.80,861.80,861.80,861.80,9,861.80,0,1
2010-11-09  13:39:00,861.50,861.50,861.50,861.50,2,861.50,0,1
2010-11-09  13:40:00,861.85,861.85,861.65,861.65,17,861.755,0,3
2010-11-09  13:41:00,861.65,861.65,861.65,861.65,1,861.65,0,1
2010-11-09  13:42:00,861.80,861.80,861.80,861.80,7,861.80,0,3
2010-11-09  13:43:00,861.80,861.80,861.80,861.80,2,861.80,0,1
2010-11-09  13:44:00,861.80,861.80,861.80,861.80,8,861.80,0,2
2010-11-09  13:45:00,861.80,861.80,861.80,861.80,0,861.80,0,0
2010-11-09  13:46:00,861.80,861.80,861.80,861.80,1,861.80,0,1
2010-11-09  13:47:00,861.80,861.80,861.80,861.80,25,861.80,0,1
2010-11-09  13:48:00,861.80,861.80,861.80,861.80,0,861.80,0,0
2010-11-09  13:49:00,861.80,861.80,861.80,861.80,18,861.80,0,3
2010-11-09  13:50:00,861.80,861.80,860.45,860.45,13,861.50,0,3
2010-11-09  13:51:00,861.80,861.80,861.80,861.80,17,861.80,0,3
2010-11-09  13:52:00,860.50,861.75,860.45,861.00,43,861.125,0,5
2010-11-09  13:53:00,861.70,861.70,861.70,861.70,5,861.70,0,1
2010-11-09  13:54:00,861.75,861.75,861.75,861.75,2,861.75,0,1
2010-11-09  13:55:00,861.75,863.50,861.75,863.50,86,862.645,0,10
2010-11-09  13:56:00,863.65,863.65,863.55,863.65,72,863.64,0,9
2010-11-09  13:57:00,863.65,864.50,863.65,864.50,26,863.95,0,7
2010-11-09  13:58:00,864.50,864.50,862.60,864.00,108,864.46,0,3
2010-11-09  13:59:00,863.20,865.00,863.20,865.00,215,864.225,0,7
2010-11-09  14:00:00,865.90,865.90,865.50,865.55,22,865.63,0,5
2010-11-09  14:01:00,865.90,866.50,865.70,865.70,14,865.805,0,4
2010-11-09  14:02:00,866.35,866.35,866.35,866.35,1,866.35,0,1
2010-11-09  14:03:00,866.35,866.35,866.35,866.35,16,866.35,0,4
2010-11-09  14:04:00,866.50,868.05,866.50,868.00,153,867.745,0,7
2010-11-09  14:05:00,868.05,869.00,868.05,869.00,33,868.49,0,11
2010-11-09  14:06:00,869.65,869.90,869.00,869.00,81,869.655,0,9
2010-11-09  14:07:00,868.05,868.05,868.05,868.05,11,868.05,0,2
2010-11-09  14:08:00,866.60,868.00,866.60,868.00,3,867.065,0,3
2010-11-09  14:09:00,866.60,866.65,866.60,866.65,5,866.62,0,3
2010-11-09  14:10:00,866.70,868.00,866.70,868.00,13,867.33,0,3
2010-11-09  14:11:00,866.00,867.30,866.00,866.00,18,866.505,0,4
2010-11-09  14:12:00,868.00,868.00,865.00,866.90,393,865.255,0,8
2010-11-09  14:13:00,865.05,867.90,865.00,867.70,284,865.12,0,6
2010-11-09  14:14:00,865.15,865.50,865.15,865.50,7,865.45,0,2
2010-11-09  14:15:00,865.00,866.95,865.00,866.95,31,865.065,0,2
2010-11-09  14:16:00,867.00,867.00,865.00,865.00,30,866.40,0,3
2010-11-09  14:17:00,866.95,866.95,866.95,866.95,1,866.95,0,1
2010-11-09  14:18:00,866.95,866.95,866.95,866.95,0,866.95,0,0
2010-11-09  14:19:00,865.45,865.50,865.45,865.50,12,865.465,0,4
2010-11-09  14:20:00,865.50,865.50,865.50,865.50,0,865.50,0,0
2010-11-09  14:21:00,866.50,866.60,866.50,866.50,28,866.505,0,4
2010-11-09  14:22:00,866.00,866.00,865.05,865.05,41,865.28,0,3
2010-11-09  14:23:00,866.00,866.00,865.00,865.00,483,865.215,0,11
2010-11-09  14:24:00,865.90,866.00,865.00,865.20,458,865.70,0,7
2010-11-09  14:25:00,864.00,865.90,862.55,865.90,26,863.62,0,4
2010-11-09  14:26:00,862.05,865.00,862.05,862.10,52,862.11,0,4
2010-11-09  14:27:00,864.95,864.95,864.95,864.95,5,864.95,0,1
2010-11-09  14:28:00,863.00,865.00,863.00,864.95,200,864.91,0,6
2010-11-09  14:29:00,864.00,864.00,863.90,863.95,12,863.955,0,5
2010-11-09  14:30:00,863.95,865.00,863.95,865.00,309,864.805,0,6
2010-11-09  14:31:00,864.80,865.00,864.80,865.00,205,864.985,0,6
2010-11-09  14:32:00,865.00,865.00,865.00,865.00,20,865.00,0,1
2010-11-09  14:33:00,865.00,865.00,865.00,865.00,18,865.00,0,2
2010-11-09  14:34:00,864.00,864.00,864.00,864.00,1,864.00,0,1
2010-11-09  14:35:00,864.00,864.00,864.00,864.00,12,864.00,0,2
2010-11-09  14:36:00,864.00,864.00,863.05,864.00,59,863.985,0,4
2010-11-09  14:37:00,863.05,863.05,863.05,863.05,5,863.05,0,1
2010-11-09  14:38:00,863.15,863.15,863.15,863.15,11,863.15,0,2
2010-11-09  14:39:00,863.15,864.00,863.15,864.00,175,863.915,0,3
2010-11-09  14:40:00,864.25,864.55,863.00,863.00,798,863.95,0,9
2010-11-09  14:41:00,863.00,864.50,863.00,864.00,468,864.105,0,8
2010-11-09  14:42:00,864.00,864.00,864.00,864.00,65,864.00,0,4
2010-11-09  14:43:00,864.00,865.00,864.00,865.00,43,864.345,0,15
2010-11-09  14:44:00,865.00,865.00,864.75,865.00,26,864.98,0,3
2010-11-09  14:45:00,864.00,864.00,864.00,864.00,5,864.00,0,1
2010-11-09  14:46:00,864.00,864.00,864.00,864.00,12,864.00,0,1
2010-11-09  14:47:00,864.00,864.00,864.00,864.00,0,864.00,0,0
2010-11-09  14:48:00,864.25,865.90,864.25,865.90,116,865.87,0,4
2010-11-09  14:49:00,865.90,865.90,865.90,865.90,0,865.90,0,0
2010-11-09  14:50:00,866.00,866.45,866.00,866.00,312,866.02,0,8
2010-11-09  14:51:00,866.00,866.00,865.10,865.10,96,865.905,0,2
2010-11-09  14:52:00,866.00,866.00,866.00,866.00,100,866.00,0,1
2010-11-09  14:53:00,866.00,866.00,865.00,865.00,111,865.405,0,4
2010-11-09  14:54:00,865.00,865.00,865.00,865.00,10,865.00,0,1
2010-11-09  14:55:00,865.80,865.80,865.45,865.45,20,865.505,0,3
2010-11-09  14:56:00,865.00,865.00,865.00,865.00,15,865.00,0,3
2010-11-09  14:57:00,864.25,864.25,864.25,864.25,20,864.25,0,1
2010-11-09  14:58:00,863.10,865.00,863.10,865.00,19,863.805,0,4
2010-11-09  14:59:00,863.50,865.00,863.50,865.00,62,864.515,0,3
2010-11-09  15:00:00,865.00,865.00,865.00,865.00,117,865.00,0,4
2010-11-09  15:01:00,865.00,865.90,865.00,865.05,521,865.075,0,6
2010-11-09  15:02:00,865.00,865.00,861.30,861.35,237,862.33,0,7
2010-11-09  15:03:00,862.65,864.00,862.65,864.00,33,863.96,0,4
2010-11-09  15:04:00,863.70,863.70,861.50,862.15,64,862.36,0,6
2010-11-09  15:05:00,862.95,864.00,862.80,864.00,198,862.97,0,6
2010-11-09  15:06:00,864.00,864.95,864.00,864.05,95,864.255,0,7
2010-11-09  15:07:00,864.00,864.00,863.10,863.10,36,863.525,0,5
2010-11-09  15:08:00,863.10,864.00,863.10,863.90,148,863.875,0,5
2010-11-09  15:09:00,863.90,864.00,863.05,863.50,63,863.485,0,7
2010-11-09  15:10:00,863.50,863.50,862.15,863.00,93,863.055,0,8
2010-11-09  15:11:00,862.10,863.75,862.10,863.75,56,863.465,0,5
2010-11-09  15:12:00,863.50,863.50,863.40,863.50,197,863.495,0,7
2010-11-09  15:13:00,863.70,864.00,863.70,864.00,230,863.895,0,15
2010-11-09  15:14:00,864.80,864.80,863.00,863.00,57,863.80,0,6
2010-11-09  15:15:00,863.05,864.45,862.10,863.40,108,862.855,0,10
2010-11-09  15:16:00,863.90,863.90,863.80,863.80,40,863.82,0,5
2010-11-09  15:17:00,863.75,863.75,862.20,863.00,128,863.025,0,11
2010-11-09  15:18:00,862.20,862.30,862.20,862.30,96,862.205,0,4
2010-11-09  15:19:00,862.95,862.95,862.30,862.95,63,862.85,0,9
2010-11-09  15:20:00,862.95,862.95,862.35,862.50,95,862.615,0,8
2010-11-09  15:21:00,863.50,863.50,862.00,862.95,544,862.495,0,9
2010-11-09  15:22:00,862.70,862.90,862.00,862.50,101,862.22,0,10
2010-11-09  15:23:00,861.55,862.50,861.55,862.40,334,862.375,0,9
2010-11-09  15:24:00,862.40,862.40,862.40,862.40,273,862.40,0,8
2010-11-09  15:25:00,862.40,863.00,862.40,863.00,265,862.45,0,9
2010-11-09  15:26:00,863.95,864.60,863.00,863.00,75,863.655,0,9
2010-11-09  15:27:00,863.00,864.50,863.00,863.90,797,863.225,0,9
2010-11-09  15:28:00,863.90,864.00,863.20,863.85,470,863.58,0,8
2010-11-09  15:29:00,864.00,865.00,861.00,861.00,441,864.05,0,13
