2010-11-03  09:15:00,837.70,847.80,837.70,840.15,22,838.825,0,4
2010-11-03  09:16:00,843.00,844.00,843.00,844.00,33,843.695,0,3
2010-11-03  09:17:00,843.00,844.70,841.00,843.70,191,843.365,0,12
2010-11-03  09:18:00,842.25,844.00,842.25,844.00,14,842.375,0,2
2010-11-03  09:19:00,844.70,844.90,844.05,844.05,313,844.89,0,5
2010-11-03  09:20:00,844.90,844.90,840.00,840.00,173,841.31,0,10
2010-11-03  09:21:00,840.00,840.00,839.05,840.00,276,839.85,0,6
2010-11-03  09:22:00,840.00,841.80,839.25,841.70,396,840.28,0,12
2010-11-03  09:23:00,841.65,841.65,840.20,841.45,18,840.72,0,11
2010-11-03  09:24:00,841.45,841.45,840.25,841.40,11,841.01,0,8
2010-11-03  09:25:00,841.40,841.70,841.00,841.70,40,841.585,0,13
2010-11-03  09:26:00,841.00,841.70,841.00,841.40,6,841.25,0,6
2010-11-03  09:27:00,841.00,841.40,840.05,840.05,102,840.915,0,10
2010-11-03  09:28:00,841.00,841.00,840.00,840.85,108,840.035,0,6
2010-11-03  09:29:00,840.80,841.75,840.80,841.65,905,841.00,0,8
2010-11-03  09:30:00,841.65,841.75,841.65,841.70,6,841.69,0,6
2010-11-03  09:31:00,841.65,841.85,841.60,841.85,5,841.66,0,4
2010-11-03  09:32:00,841.80,841.80,840.00,840.00,518,841.30,0,10
2010-11-03  09:33:00,840.00,841.00,839.05,840.00,222,840.86,0,9
2010-11-03  09:34:00,841.00,841.00,839.30,840.00,549,840.045,0,8
2010-11-03  09:35:00,839.25,841.00,839.25,841.00,60,840.945,0,5
2010-11-03  09:36:00,841.00,841.00,840.15,840.15,181,840.91,0,5
2010-11-03  09:37:00,840.50,841.00,840.50,840.55,212,840.975,0,5
2010-11-03  09:38:00,841.00,841.00,840.55,840.55,202,841.00,0,3
2010-11-03  09:39:00,841.00,841.00,840.55,840.55,76,840.97,0,8
2010-11-03  09:40:00,840.90,840.90,840.75,840.75,7,840.77,0,2
2010-11-03  09:41:00,841.00,843.80,841.00,843.15,37,841.985,0,10
2010-11-03  09:42:00,843.70,843.70,842.55,843.70,15,843.575,0,6
2010-11-03  09:43:00,842.60,843.25,842.60,842.80,50,842.665,0,5
2010-11-03  09:44:00,842.75,843.00,842.00,842.90,126,842.765,0,6
2010-11-03  09:45:00,841.05,841.90,841.05,841.90,13,841.835,0,3
2010-11-03  09:46:00,841.85,841.85,841.85,841.85,51,841.85,0,2
2010-11-03  09:47:00,841.05,841.05,841.05,841.05,2,841.05,0,1
2010-11-03  09:48:00,841.15,841.15,841.15,841.15,60,841.15,0,2
2010-11-03  09:49:00,841.90,841.95,841.35,841.95,7,841.855,0,3
2010-11-03  09:50:00,841.35,841.35,841.35,841.35,13,841.35,0,4
2010-11-03  09:51:00,841.40,841.40,841.40,841.40,2,841.40,0,2
2010-11-03  09:52:00,841.95,841.95,841.50,841.50,2,841.725,0,2
2010-11-03  09:53:00,841.95,842.00,841.95,842.00,295,841.995,0,5
2010-11-03  09:54:00,842.00,842.00,842.00,842.00,0,842.00,0,0
2010-11-03  09:55:00,841.50,841.50,841.50,841.50,48,841.50,0,2
2010-11-03  09:56:00,841.50,842.00,841.30,842.00,509,841.315,0,3
2010-11-03  09:57:00,841.25,841.25,841.25,841.25,6,841.25,0,2
2010-11-03  09:58:00,841.50,841.50,841.50,841.50,1,841.50,0,1
2010-11-03  09:59:00,841.50,841.50,841.25,841.45,43,841.385,0,4
2010-11-03  10:00:00,841.45,841.45,840.15,840.15,76,841.28,0,5
2010-11-03  10:01:00,840.15,840.95,840.15,840.95,106,840.315,0,3
2010-11-03  10:02:00,840.95,840.95,840.95,840.95,74,840.95,0,1
2010-11-03  10:03:00,841.00,841.00,841.00,841.00,151,841.00,0,1
2010-11-03  10:04:00,841.00,842.00,840.55,841.75,1135,841.58,0,7
2010-11-03  10:05:00,841.60,841.65,841.60,841.65,99,841.625,0,2
2010-11-03  10:06:00,841.45,841.50,841.45,841.50,251,841.45,0,2
2010-11-03  10:07:00,841.45,841.50,841.05,841.50,51,841.48,0,4
2010-11-03  10:08:00,841.50,841.50,841.15,841.50,23,841.35,0,4
2010-11-03  10:09:00,841.05,841.05,840.15,840.15,260,841.035,0,7
2010-11-03  10:10:00,840.25,841.00,840.25,841.00,27,840.945,0,4
2010-11-03  10:11:00,840.40,840.40,840.30,840.30,4,840.35,0,4
2010-11-03  10:12:00,841.00,841.00,840.30,840.95,4,840.65,0,4
2010-11-03  10:13:00,840.35,840.35,840.30,840.30,82,840.30,0,3
2010-11-03  10:14:00,840.50,841.00,840.45,841.00,349,840.96,0,5
2010-11-03  10:15:00,840.90,841.00,840.15,841.00,254,840.995,0,3
2010-11-03  10:16:00,838.35,840.90,838.35,840.00,237,838.78,0,8
2010-11-03  10:17:00,839.30,839.30,836.80,836.80,294,837.93,0,3
2010-11-03  10:18:00,840.00,840.05,837.30,838.00,95,839.995,0,5
2010-11-03  10:19:00,838.65,838.65,838.65,838.65,98,838.65,0,1
2010-11-03  10:20:00,838.65,838.65,837.30,838.00,23,838.565,0,4
2010-11-03  10:21:00,837.40,839.00,837.40,839.00,75,838.605,0,5
2010-11-03  10:22:00,838.00,838.70,838.00,838.70,22,838.67,0,3
2010-11-03  10:23:00,838.70,839.65,838.70,839.45,78,839.57,0,5
2010-11-03  10:24:00,839.45,839.45,839.25,839.25,2,839.35,0,2
2010-11-03  10:25:00,839.40,839.50,838.55,838.55,63,838.59,0,4
2010-11-03  10:26:00,838.55,838.55,838.00,838.00,29,838.28,0,3
2010-11-03  10:27:00,838.50,838.55,838.50,838.55,110,838.505,0,3
2010-11-03  10:28:00,838.55,838.55,838.55,838.55,0,838.55,0,0
2010-11-03  10:29:00,838.00,838.00,838.00,838.00,4,838.00,0,1
2010-11-03  10:30:00,838.00,838.00,838.00,838.00,0,838.00,0,0
2010-11-03  10:31:00,838.00,838.65,838.00,838.65,14,838.23,0,2
2010-11-03  10:32:00,839.00,839.00,839.00,839.00,11,839.00,0,2
2010-11-03  10:33:00,838.35,838.35,838.35,838.35,10,838.35,0,1
2010-11-03  10:34:00,838.90,838.90,838.35,838.90,39,838.885,0,9
2010-11-03  10:35:00,839.45,839.45,839.45,839.45,1,839.45,0,1
2010-11-03  10:36:00,839.70,839.70,839.70,839.70,1,839.70,0,1
2010-11-03  10:37:00,839.70,839.70,839.70,839.70,0,839.70,0,0
2010-11-03  10:38:00,839.75,839.75,839.75,839.75,153,839.75,0,3
2010-11-03  10:39:00,839.90,840.00,839.85,840.00,89,839.985,0,5
2010-11-03  10:40:00,840.00,840.00,839.90,839.90,150,839.965,0,2
2010-11-03  10:41:00,839.90,839.90,839.90,839.90,9,839.90,0,1
2010-11-03  10:42:00,838.20,838.25,838.00,838.25,46,838.145,0,3
2010-11-03  10:43:00,838.30,839.80,838.30,839.80,139,838.645,0,4
2010-11-03  10:44:00,839.80,839.80,839.80,839.80,5,839.80,0,1
2010-11-03  10:45:00,839.80,839.80,839.00,839.00,2,839.40,0,2
2010-11-03  10:46:00,839.00,839.80,839.00,839.65,202,839.005,0,4
2010-11-03  10:47:00,838.00,839.65,838.00,838.00,288,838.01,0,5
2010-11-03  10:48:00,838.00,839.40,838.00,839.40,343,838.96,0,4
2010-11-03  10:49:00,839.40,839.40,838.05,838.05,126,838.565,0,6
2010-11-03  10:50:00,838.05,838.05,838.05,838.05,108,838.05,0,1
2010-11-03  10:51:00,838.05,838.05,838.05,838.05,157,838.05,0,2
2010-11-03  10:52:00,838.05,839.00,838.05,839.00,114,838.135,0,5
2010-11-03  10:53:00,839.65,839.65,839.00,839.00,136,839.41,0,2
2010-11-03  10:54:00,839.65,839.95,838.40,838.65,272,839.485,0,9
2010-11-03  10:55:00,839.50,839.90,838.65,838.75,460,839.54,0,7
2010-11-03  10:56:00,838.60,838.75,838.35,838.65,102,838.74,0,6
2010-11-03  10:57:00,838.65,839.85,838.65,839.85,108,839.205,0,4
2010-11-03  10:58:00,839.05,839.85,839.05,839.85,134,839.055,0,5
2010-11-03  10:59:00,839.80,839.80,839.80,839.80,50,839.80,0,1
2010-11-03  11:00:00,839.80,840.00,839.80,840.00,285,839.93,0,3
2010-11-03  11:01:00,839.85,839.85,838.65,838.65,48,839.725,0,6
2010-11-03  11:02:00,838.70,840.05,838.70,840.05,141,838.95,0,11
2010-11-03  11:03:00,840.05,840.10,840.05,840.05,110,840.05,0,4
2010-11-03  11:04:00,840.05,840.90,840.05,840.90,470,840.695,0,12
2010-11-03  11:05:00,840.15,840.90,840.15,840.90,18,840.195,0,9
2010-11-03  11:06:00,840.25,840.25,839.70,839.85,50,840.125,0,9
2010-11-03  11:07:00,840.05,840.50,838.35,838.35,234,838.905,0,8
2010-11-03  11:08:00,839.75,839.75,839.10,839.65,85,839.33,0,12
2010-11-03  11:09:00,839.65,839.70,839.00,839.00,153,839.665,0,10
2010-11-03  11:10:00,839.00,839.40,838.35,839.40,85,839.07,0,7
2010-11-03  11:11:00,839.50,839.50,839.10,839.40,106,839.415,0,4
2010-11-03  11:12:00,839.40,839.40,839.10,839.10,223,839.23,0,2
2010-11-03  11:13:00,839.10,839.50,839.10,839.50,158,839.32,0,3
2010-11-03  11:14:00,839.50,839.50,839.50,839.50,0,839.50,0,0
2010-11-03  11:15:00,838.35,838.35,838.35,838.35,33,838.35,0,2
2010-11-03  11:16:00,838.35,840.00,838.35,838.55,111,838.365,0,5
2010-11-03  11:17:00,838.55,838.55,838.40,838.40,97,838.475,0,3
2010-11-03  11:18:00,838.50,838.50,838.50,838.50,108,838.50,0,1
2010-11-03  11:19:00,838.50,838.50,838.00,838.00,525,838.095,0,5
2010-11-03  11:20:00,838.00,838.00,837.55,837.55,16,837.86,0,3
2010-11-03  11:21:00,837.10,838.80,837.05,838.80,101,837.425,0,11
2010-11-03  11:22:00,838.50,838.70,837.25,837.25,108,837.72,0,3
2010-11-03  11:23:00,837.30,837.30,837.30,837.30,108,837.30,0,1
2010-11-03  11:24:00,837.30,838.50,837.30,838.50,118,837.31,0,3
2010-11-03  11:25:00,838.50,838.50,838.40,838.45,4,838.45,0,4
2010-11-03  11:26:00,838.45,838.45,838.35,838.45,12,838.365,0,3
2010-11-03  11:27:00,838.45,838.45,838.45,838.45,0,838.45,0,0
2010-11-03  11:28:00,837.95,837.95,837.10,837.95,7,837.345,0,5
2010-11-03  11:29:00,837.90,837.90,837.90,837.90,1,837.90,0,1
2010-11-03  11:30:00,837.05,837.05,837.05,837.05,112,837.05,0,6
2010-11-03  11:31:00,837.05,837.90,837.00,837.90,266,837.06,0,7
2010-11-03  11:32:00,837.10,837.90,837.10,837.90,454,837.225,0,6
2010-11-03  11:33:00,837.90,838.70,837.90,838.70,113,838.16,0,6
2010-11-03  11:34:00,838.05,839.00,838.05,839.00,332,838.385,0,7
2010-11-03  11:35:00,839.45,839.50,838.50,838.55,492,839.485,0,6
2010-11-03  11:36:00,838.55,838.55,838.55,838.55,98,838.55,0,1
2010-11-03  11:37:00,838.55,838.55,838.55,838.55,107,838.55,0,1
2010-11-03  11:38:00,838.55,838.55,838.55,838.55,108,838.55,0,1
2010-11-03  11:39:00,839.50,839.50,839.50,839.50,30,839.50,0,1
2010-11-03  11:40:00,838.50,838.50,838.50,838.50,633,838.50,0,4
2010-11-03  11:41:00,838.50,838.50,838.50,838.50,276,838.50,0,5
2010-11-03  11:42:00,838.50,838.95,838.50,838.95,15,838.895,0,3
2010-11-03  11:43:00,838.95,839.00,838.95,838.95,111,838.95,0,4
2010-11-03  11:44:00,838.95,838.95,838.55,838.95,110,838.945,0,4
2010-11-03  11:45:00,839.05,839.05,838.55,838.55,109,839.03,0,4
2010-11-03  11:46:00,839.50,839.50,838.55,838.65,125,838.605,0,9
2010-11-03  11:47:00,838.55,838.65,838.55,838.55,110,838.65,0,3
2010-11-03  11:48:00,838.55,839.35,838.55,839.35,133,838.70,0,2
2010-11-03  11:49:00,838.60,838.60,838.60,838.60,51,838.60,0,2
2010-11-03  11:50:00,838.60,838.60,838.50,838.50,158,838.535,0,2
2010-11-03  11:51:00,838.50,838.50,838.50,838.50,86,838.50,0,2
2010-11-03  11:52:00,838.50,838.50,838.50,838.50,0,838.50,0,0
2010-11-03  11:53:00,838.50,838.50,838.00,838.00,318,838.17,0,4
2010-11-03  11:54:00,837.00,837.95,836.40,837.95,223,836.925,0,7
2010-11-03  11:55:00,837.00,837.50,837.00,837.50,558,837.45,0,5
2010-11-03  11:56:00,837.50,837.55,837.50,837.55,9,837.505,0,3
2010-11-03  11:57:00,837.55,837.95,837.55,837.55,117,837.58,0,3
2010-11-03  11:58:00,837.55,837.95,837.55,837.95,157,837.675,0,3
2010-11-03  11:59:00,837.60,837.95,837.60,837.95,4,837.865,0,2
2010-11-03  12:00:00,837.60,837.60,837.50,837.50,312,837.545,0,5
2010-11-03  12:01:00,837.50,837.50,837.50,837.50,107,837.50,0,1
2010-11-03  12:02:00,837.50,837.95,837.50,837.95,165,837.91,0,3
2010-11-03  12:03:00,837.00,837.00,837.00,837.00,2,837.00,0,2
2010-11-03  12:04:00,837.05,838.00,837.05,838.00,7,837.32,0,5
2010-11-03  12:05:00,837.05,838.70,837.00,838.70,66,837.03,0,5
2010-11-03  12:06:00,838.60,838.60,836.55,838.50,31,837.875,0,3
2010-11-03  12:07:00,838.50,838.50,838.50,838.50,0,838.50,0,0
2010-11-03  12:08:00,838.40,838.40,838.40,838.40,30,838.40,0,2
2010-11-03  12:09:00,837.00,837.00,837.00,837.00,15,837.00,0,2
2010-11-03  12:10:00,837.00,837.00,836.00,837.00,253,836.315,0,9
2010-11-03  12:11:00,837.00,837.00,837.00,837.00,0,837.00,0,0
2010-11-03  12:12:00,836.05,836.95,836.05,836.95,35,836.305,0,2
2010-11-03  12:13:00,836.95,836.95,836.95,836.95,0,836.95,0,0
2010-11-03  12:14:00,836.85,836.85,836.85,836.85,5,836.85,0,1
2010-11-03  12:15:00,836.85,836.85,836.80,836.80,56,836.805,0,2
2010-11-03  12:16:00,836.80,836.80,836.80,836.80,0,836.80,0,0
2010-11-03  12:17:00,836.05,836.75,836.05,836.75,109,836.055,0,2
2010-11-03  12:18:00,836.65,836.65,836.65,836.65,1,836.65,0,1
2010-11-03  12:19:00,836.10,837.90,836.10,837.90,2,837.00,0,2
2010-11-03  12:20:00,837.90,837.90,837.90,837.90,0,837.90,0,0
2010-11-03  12:21:00,836.30,836.30,836.30,836.30,100,836.30,0,1
2010-11-03  12:22:00,836.30,837.65,836.30,837.40,118,836.50,0,3
2010-11-03  12:23:00,836.30,837.45,836.10,837.45,214,836.19,0,6
2010-11-03  12:24:00,836.75,836.75,836.75,836.75,60,836.75,0,1
2010-11-03  12:25:00,837.25,837.25,836.75,836.75,61,836.76,0,3
2010-11-03  12:26:00,836.50,836.50,836.40,836.40,10,836.41,0,2
2010-11-03  12:27:00,836.50,836.50,836.50,836.50,1,836.50,0,1
2010-11-03  12:28:00,836.40,837.30,836.40,837.30,125,836.795,0,5
2010-11-03  12:29:00,837.30,837.40,837.30,837.40,525,837.395,0,4
2010-11-03  12:30:00,837.40,837.40,837.40,837.40,25,837.40,0,1
2010-11-03  12:31:00,837.40,837.40,837.40,837.40,3,837.40,0,1
2010-11-03  12:32:00,837.40,837.40,837.00,837.00,52,837.045,0,3
2010-11-03  12:33:00,837.40,837.40,837.40,837.40,16,837.40,0,3
2010-11-03  12:34:00,837.40,837.40,836.25,836.25,202,836.365,0,6
2010-11-03  12:35:00,836.25,836.50,836.00,836.50,615,836.26,0,12
2010-11-03  12:36:00,836.50,836.70,836.50,836.70,95,836.675,0,2
2010-11-03  12:37:00,836.95,837.40,836.95,837.40,18,837.24,0,3
2010-11-03  12:38:00,837.40,837.40,837.40,837.40,62,837.40,0,1
2010-11-03  12:39:00,837.00,837.00,836.25,836.25,4,836.81,0,4
2010-11-03  12:40:00,836.25,836.25,836.10,836.10,109,836.25,0,2
2010-11-03  12:41:00,836.10,837.00,836.10,836.35,205,836.16,0,9
2010-11-03  12:42:00,836.35,837.40,836.35,836.35,155,836.525,0,3
2010-11-03  12:43:00,836.35,837.90,836.00,836.05,410,837.48,0,5
2010-11-03  12:44:00,836.05,836.05,836.05,836.05,109,836.05,0,2
2010-11-03  12:45:00,836.05,836.05,836.05,836.05,108,836.05,0,1
2010-11-03  12:46:00,836.15,836.15,836.15,836.15,98,836.15,0,1
2010-11-03  12:47:00,836.15,837.80,836.15,837.80,172,837.735,0,4
2010-11-03  12:48:00,837.70,837.70,837.70,837.70,20,837.70,0,1
2010-11-03  12:49:00,836.10,836.10,836.10,836.10,10,836.10,0,1
2010-11-03  12:50:00,836.10,836.10,836.10,836.10,108,836.10,0,1
2010-11-03  12:51:00,836.10,836.10,836.00,836.00,165,836.065,0,4
2010-11-03  12:52:00,835.95,835.95,835.00,835.00,37,835.53,0,3
2010-11-03  12:53:00,835.00,835.90,835.00,835.90,33,835.085,0,4
2010-11-03  12:54:00,835.90,835.90,835.90,835.90,12,835.90,0,2
2010-11-03  12:55:00,835.90,835.90,835.90,835.90,0,835.90,0,0
2010-11-03  12:56:00,835.05,835.05,835.00,835.00,222,835.035,0,7
2010-11-03  12:57:00,835.00,835.00,834.75,835.00,37,834.975,0,5
2010-11-03  12:58:00,835.00,836.70,835.00,835.50,170,835.255,0,4
2010-11-03  12:59:00,836.70,836.70,836.15,836.15,3,836.365,0,3
2010-11-03  13:00:00,836.15,836.15,836.00,836.00,10,836.135,0,2
2010-11-03  13:01:00,836.00,836.00,835.10,835.90,205,835.345,0,5
2010-11-03  13:02:00,836.70,836.70,836.70,836.70,9,836.70,0,1
2010-11-03  13:03:00,836.70,836.70,836.70,836.70,0,836.70,0,0
2010-11-03  13:04:00,836.00,836.00,836.00,836.00,12,836.00,0,2
2010-11-03  13:05:00,835.80,835.80,835.00,835.00,84,835.025,0,4
2010-11-03  13:06:00,835.00,835.00,834.40,835.00,84,834.99,0,7
2010-11-03  13:07:00,835.00,836.85,835.00,835.15,209,835.63,0,6
2010-11-03  13:08:00,835.20,836.85,835.20,836.85,122,835.405,0,2
2010-11-03  13:09:00,835.25,836.70,835.25,836.70,174,836.625,0,4
2010-11-03  13:10:00,835.15,835.50,835.15,835.50,121,835.34,0,3
2010-11-03  13:11:00,835.00,835.00,834.95,835.00,36,834.955,0,3
2010-11-03  13:12:00,835.50,835.50,834.40,834.40,65,834.655,0,6
2010-11-03  13:13:00,834.40,834.40,834.10,834.40,253,834.23,0,5
2010-11-03  13:14:00,834.40,834.40,834.40,834.40,0,834.40,0,0
2010-11-03  13:15:00,834.00,834.40,834.00,834.05,164,834.04,0,4
2010-11-03  13:16:00,834.00,834.95,834.00,834.05,136,834.045,0,5
2010-11-03  13:17:00,834.95,835.85,834.05,835.85,119,834.215,0,3
2010-11-03  13:18:00,834.10,835.80,834.10,834.50,71,834.375,0,4
2010-11-03  13:19:00,834.35,835.00,834.35,835.00,145,834.40,0,5
2010-11-03  13:20:00,835.00,835.00,835.00,835.00,0,835.00,0,0
2010-11-03  13:21:00,835.00,835.00,835.00,835.00,2,835.00,0,1
2010-11-03  13:22:00,834.35,835.00,834.00,835.00,300,834.60,0,6
2010-11-03  13:23:00,835.00,835.90,834.15,834.15,300,835.555,0,7
2010-11-03  13:24:00,834.45,835.85,834.45,835.10,181,834.69,0,8
2010-11-03  13:25:00,835.20,836.70,835.20,836.50,175,835.725,0,8
2010-11-03  13:26:00,836.50,836.50,836.50,836.50,0,836.50,0,0
2010-11-03  13:27:00,835.10,835.10,835.10,835.10,153,835.10,0,2
2010-11-03  13:28:00,835.10,835.90,834.20,835.90,280,835.32,0,6
2010-11-03  13:29:00,835.90,835.95,835.90,835.95,360,835.94,0,2
2010-11-03  13:30:00,835.95,835.95,835.10,835.10,60,835.81,0,2
2010-11-03  13:31:00,835.10,835.10,835.05,835.05,123,835.095,0,2
2010-11-03  13:32:00,835.05,835.05,835.00,835.00,114,835.045,0,3
2010-11-03  13:33:00,835.00,836.70,835.00,836.70,26,836.635,0,2
2010-11-03  13:34:00,834.60,834.60,834.60,834.60,16,834.60,0,2
2010-11-03  13:35:00,834.60,834.60,834.60,834.60,108,834.60,0,2
2010-11-03  13:36:00,834.60,834.60,834.60,834.60,108,834.60,0,1
2010-11-03  13:37:00,834.60,835.90,834.60,834.60,223,834.775,0,4
2010-11-03  13:38:00,835.90,835.90,834.35,834.35,139,834.87,0,6
2010-11-03  13:39:00,834.35,835.60,834.35,835.60,109,834.36,0,3
2010-11-03  13:40:00,834.10,834.10,834.10,834.10,62,834.10,0,1
2010-11-03  13:41:00,834.25,834.25,834.10,834.10,134,834.23,0,4
2010-11-03  13:42:00,835.65,835.65,834.10,834.10,109,834.115,0,2
2010-11-03  13:43:00,834.10,835.90,834.10,835.90,130,834.335,0,4
2010-11-03  13:44:00,835.90,835.90,835.90,835.90,0,835.90,0,0
2010-11-03  13:45:00,833.20,834.00,833.20,834.00,209,833.205,0,3
2010-11-03  13:46:00,835.40,835.40,834.00,834.90,88,834.435,0,5
2010-11-03  13:47:00,834.90,834.90,834.90,834.90,0,834.90,0,0
2010-11-03  13:48:00,834.90,834.90,834.90,834.90,0,834.90,0,0
2010-11-03  13:49:00,834.00,834.85,834.00,834.85,136,834.50,0,4
2010-11-03  13:50:00,834.90,834.90,834.70,834.70,20,834.80,0,2
2010-11-03  13:51:00,834.70,834.70,834.70,834.70,8,834.70,0,1
2010-11-03  13:52:00,834.65,834.65,833.70,833.70,26,834.525,0,6
2010-11-03  13:53:00,834.70,834.70,834.70,834.70,2,834.70,0,1
2010-11-03  13:54:00,834.65,834.65,833.25,833.75,128,833.72,0,4
2010-11-03  13:55:00,833.25,835.65,833.05,835.45,414,833.955,0,9
2010-11-03  13:56:00,835.45,835.45,835.45,835.45,0,835.45,0,0
2010-11-03  13:57:00,835.45,835.45,835.45,835.45,2,835.45,0,1
2010-11-03  13:58:00,835.45,835.45,835.45,835.45,0,835.45,0,0
2010-11-03  13:59:00,835.00,835.00,835.00,835.00,87,835.00,0,1
2010-11-03  14:00:00,835.00,835.00,835.00,835.00,114,835.00,0,2
2010-11-03  14:01:00,835.30,835.30,835.00,835.00,6,835.10,0,3
2010-11-03  14:02:00,834.05,835.45,833.70,833.70,184,834.065,0,5
2010-11-03  14:03:00,833.70,833.70,833.00,833.00,151,833.475,0,6
2010-11-03  14:04:00,833.25,833.25,833.25,833.25,108,833.25,0,1
2010-11-03  14:05:00,833.30,834.75,833.30,834.75,113,833.365,0,2
2010-11-03  14:06:00,834.65,834.65,834.50,834.50,32,834.51,0,2
2010-11-03  14:07:00,834.50,834.50,834.50,834.50,0,834.50,0,0
2010-11-03  14:08:00,834.50,834.50,833.10,833.10,115,833.42,0,4
2010-11-03  14:09:00,834.40,834.40,833.15,833.15,65,833.17,0,2
2010-11-03  14:10:00,833.15,833.15,833.15,833.15,108,833.15,0,4
2010-11-03  14:11:00,833.15,833.15,833.15,833.15,3,833.15,0,1
2010-11-03  14:12:00,833.15,834.20,833.15,834.20,22,833.245,0,3
2010-11-03  14:13:00,833.25,833.25,833.25,833.25,14,833.25,0,1
2010-11-03  14:14:00,834.25,834.70,833.30,834.45,27,833.905,0,7
2010-11-03  14:15:00,833.40,833.40,833.40,833.40,4,833.40,0,1
2010-11-03  14:16:00,833.40,833.40,833.40,833.40,16,833.40,0,1
2010-11-03  14:17:00,835.70,835.70,835.00,835.00,171,835.335,0,5
2010-11-03  14:18:00,833.80,837.70,833.80,836.35,251,836.285,0,13
2010-11-03  14:19:00,836.35,838.90,836.20,838.00,349,838.205,0,15
2010-11-03  14:20:00,838.00,838.00,838.00,838.00,257,838.00,0,11
2010-11-03  14:21:00,838.00,838.00,835.35,836.05,70,837.20,0,19
2010-11-03  14:22:00,836.10,838.90,836.10,836.30,209,836.97,0,12
2010-11-03  14:23:00,836.30,836.30,836.30,836.30,108,836.30,0,1
2010-11-03  14:24:00,836.35,836.35,836.05,836.05,134,836.29,0,3
2010-11-03  14:25:00,836.05,836.05,835.40,835.40,12,835.775,0,3
2010-11-03  14:26:00,835.40,835.40,835.00,835.00,200,835.265,0,9
2010-11-03  14:27:00,836.95,836.95,835.00,835.25,102,835.265,0,5
2010-11-03  14:28:00,835.25,836.70,835.25,836.40,122,836.115,0,5
2010-11-03  14:29:00,836.40,837.00,835.05,837.00,273,836.825,0,6
2010-11-03  14:30:00,836.50,836.50,835.40,835.40,14,836.355,0,4
2010-11-03  14:31:00,835.55,837.00,835.55,837.00,100,835.725,0,4
2010-11-03  14:32:00,837.00,837.00,837.00,837.00,0,837.00,0,0
2010-11-03  14:33:00,837.00,837.00,836.05,836.05,53,836.32,0,2
2010-11-03  14:34:00,837.70,837.70,837.70,837.70,10,837.70,0,1
2010-11-03  14:35:00,837.70,837.70,837.70,837.70,0,837.70,0,0
2010-11-03  14:36:00,836.00,837.30,836.00,837.30,10,837.17,0,2
2010-11-03  14:37:00,836.90,836.90,836.90,836.90,10,836.90,0,1
2010-11-03  14:38:00,836.90,836.90,836.90,836.90,25,836.90,0,1
2010-11-03  14:39:00,835.65,835.65,835.65,835.65,40,835.65,0,1
2010-11-03  14:40:00,835.65,835.65,835.65,835.65,0,835.65,0,0
2010-11-03  14:41:00,835.65,835.65,835.65,835.65,0,835.65,0,0
2010-11-03  14:42:00,836.60,836.60,836.60,836.60,7,836.60,0,2
2010-11-03  14:43:00,836.60,836.60,836.60,836.60,0,836.60,0,0
2010-11-03  14:44:00,836.60,836.60,836.60,836.60,0,836.60,0,0
2010-11-03  14:45:00,836.60,836.60,836.60,836.60,4,836.60,0,1
2010-11-03  14:46:00,835.65,835.65,835.65,835.65,1,835.65,0,1
2010-11-03  14:47:00,836.00,837.70,836.00,837.70,94,837.105,0,2
2010-11-03  14:48:00,837.70,837.70,837.70,837.70,0,837.70,0,0
2010-11-03  14:49:00,836.70,836.70,836.70,836.70,2,836.70,0,1
2010-11-03  14:50:00,837.00,837.90,837.00,837.85,353,837.13,0,4
2010-11-03  14:51:00,837.00,837.00,837.00,837.00,10,837.00,0,1
2010-11-03  14:52:00,837.00,837.65,837.00,837.65,291,837.00,0,4
2010-11-03  14:53:00,837.65,837.65,837.00,837.00,308,837.05,0,4
2010-11-03  14:54:00,837.00,837.00,837.00,837.00,193,837.00,0,3
2010-11-03  14:55:00,837.00,837.00,837.00,837.00,85,837.00,0,3
2010-11-03  14:56:00,837.00,837.00,836.00,836.00,64,836.47,0,4
2010-11-03  14:57:00,836.00,837.00,836.00,837.00,4,836.425,0,4
2010-11-03  14:58:00,836.00,836.90,836.00,836.90,51,836.02,0,2
2010-11-03  14:59:00,836.75,836.90,836.75,836.90,2,836.825,0,2
2010-11-03  15:00:00,836.50,836.50,836.50,836.50,94,836.50,0,1
2010-11-03  15:01:00,836.50,836.90,836.50,836.90,256,836.655,0,3
2010-11-03  15:02:00,836.90,837.75,836.90,837.00,161,836.96,0,6
2010-11-03  15:03:00,837.00,837.00,836.50,836.50,6,836.585,0,2
2010-11-03  15:04:00,836.50,837.00,836.50,837.00,113,836.52,0,3
2010-11-03  15:05:00,836.50,837.00,836.50,836.50,92,836.525,0,3
2010-11-03  15:06:00,837.60,837.60,836.50,837.60,8,836.915,0,4
2010-11-03  15:07:00,836.55,836.55,836.55,836.55,1,836.55,0,1
2010-11-03  15:08:00,836.50,836.50,836.50,836.50,386,836.50,0,4
2010-11-03  15:09:00,836.50,836.50,835.40,835.40,34,835.495,0,6
2010-11-03  15:10:00,836.00,836.45,835.05,835.95,26,835.28,0,4
2010-11-03  15:11:00,835.00,835.40,834.15,834.15,41,834.57,0,12
2010-11-03  15:12:00,834.10,835.70,834.05,834.05,20,834.385,0,6
2010-11-03  15:13:00,834.10,834.20,834.10,834.15,6,834.165,0,4
2010-11-03  15:14:00,834.05,835.00,834.05,835.00,153,834.35,0,5
2010-11-03  15:15:00,834.30,834.80,834.30,834.80,35,834.585,0,4
2010-11-03  15:16:00,834.30,834.80,834.30,834.80,49,834.36,0,3
2010-11-03  15:17:00,834.35,834.40,834.35,834.40,520,834.40,0,4
2010-11-03  15:18:00,835.00,835.00,834.35,834.35,34,834.77,0,5
2010-11-03  15:19:00,835.00,835.00,834.35,834.35,21,834.97,0,2
2010-11-03  15:20:00,834.35,834.35,834.35,834.35,10,834.35,0,1
2010-11-03  15:21:00,835.90,835.90,834.40,835.80,170,835.89,0,4
2010-11-03  15:22:00,835.20,835.75,835.20,835.75,109,835.685,0,7
2010-11-03  15:23:00,835.80,835.80,835.75,835.75,166,835.785,0,6
2010-11-03  15:24:00,835.75,835.75,835.10,835.50,265,835.255,0,6
2010-11-03  15:25:00,835.50,835.50,834.50,834.50,391,835.125,0,9
2010-11-03  15:26:00,834.35,834.35,834.35,834.35,5,834.35,0,1
2010-11-03  15:27:00,835.00,835.00,834.10,834.50,250,834.49,0,8
2010-11-03  15:28:00,834.40,834.50,834.00,834.00,221,834.45,0,8
2010-11-03  15:29:00,833.00,834.40,832.55,833.00,346,833.195,0,12
2010-11-04  09:15:00,833.00,833.00,833.00,833.00,25,833.00,0,1
2010-11-04  09:16:00,840.00,840.00,836.05,839.80,56,836.21,0,4
2010-11-04  09:17:00,839.65,839.65,838.20,838.20,39,839.135,0,6
2010-11-04  09:18:00,839.40,839.45,836.60,837.05,297,839.295,0,6
2010-11-04  09:19:00,838.90,840.00,838.05,840.00,202,839.445,0,4
2010-11-04  09:20:00,839.80,840.00,838.90,840.00,160,839.805,0,7
2010-11-04  09:21:00,839.35,839.95,838.90,838.95,172,839.79,0,11
2010-11-04  09:22:00,839.45,840.00,838.95,838.95,474,839.96,0,7
2010-11-04  09:23:00,840.00,840.00,840.00,840.00,10,840.00,0,1
2010-11-04  09:24:00,839.00,839.95,839.00,839.00,44,839.905,0,6
2010-11-04  09:25:00,840.00,840.00,839.00,840.00,24,839.915,0,5
2010-11-04  09:26:00,840.00,840.00,839.05,840.00,44,839.87,0,7
2010-11-04  09:27:00,839.05,839.85,839.05,839.80,198,839.795,0,6
2010-11-04  09:28:00,839.10,839.85,839.10,839.85,70,839.82,0,5
2010-11-04  09:29:00,839.85,840.00,839.80,839.80,119,839.965,0,6
2010-11-04  09:30:00,840.00,840.00,839.70,839.70,29,839.915,0,3
2010-11-04  09:31:00,839.85,839.95,839.85,839.95,32,839.90,0,9
2010-11-04  09:32:00,840.00,841.25,840.00,841.20,116,841.18,0,5
2010-11-04  09:33:00,841.25,842.00,841.25,841.25,173,841.485,0,9
2010-11-04  09:34:00,843.80,843.80,841.75,841.75,227,843.28,0,7
2010-11-04  09:35:00,841.75,843.00,841.75,842.90,121,842.965,0,9
2010-11-04  09:36:00,842.85,842.85,842.40,842.70,61,842.665,0,8
2010-11-04  09:37:00,842.40,842.65,842.40,842.65,21,842.415,0,3
2010-11-04  09:38:00,842.90,842.95,842.75,842.95,142,842.785,0,8
2010-11-04  09:39:00,842.85,843.70,842.85,843.70,108,843.16,0,9
2010-11-04  09:40:00,843.65,843.65,843.15,843.55,133,843.535,0,7
2010-11-04  09:41:00,843.55,843.55,842.70,842.70,413,842.815,0,9
2010-11-04  09:42:00,842.70,842.70,841.00,842.65,95,841.67,0,6
2010-11-04  09:43:00,842.00,842.00,840.50,841.00,55,841.64,0,6
2010-11-04  09:44:00,840.95,841.00,840.95,841.00,22,840.95,0,3
2010-11-04  09:45:00,840.95,841.50,840.95,841.50,24,841.34,0,9
2010-11-04  09:46:00,841.50,841.50,841.40,841.40,25,841.43,0,4
2010-11-04  09:47:00,841.40,841.40,840.60,840.95,44,841.09,0,10
2010-11-04  09:48:00,840.95,840.95,840.95,840.95,9,840.95,0,1
2010-11-04  09:49:00,840.80,841.40,840.80,841.40,233,841.18,0,5
2010-11-04  09:50:00,840.95,840.95,840.45,840.80,94,840.84,0,4
2010-11-04  09:51:00,840.70,840.80,840.70,840.80,66,840.785,0,7
2010-11-04  09:52:00,840.80,840.80,840.70,840.70,116,840.78,0,8
2010-11-04  09:53:00,840.10,841.40,840.10,841.40,53,840.265,0,5
2010-11-04  09:54:00,840.15,840.15,840.15,840.15,8,840.15,0,1
2010-11-04  09:55:00,841.60,841.60,840.60,840.60,2,841.10,0,2
2010-11-04  09:56:00,840.60,841.60,840.60,841.60,21,841.455,0,2
2010-11-04  09:57:00,841.35,841.35,841.35,841.35,15,841.35,0,1
2010-11-04  09:58:00,841.35,841.35,840.60,841.25,51,841.16,0,4
2010-11-04  09:59:00,840.80,840.95,840.00,840.00,117,840.325,0,6
2010-11-04  10:00:00,840.00,840.65,840.00,840.65,44,840.045,0,9
2010-11-04  10:01:00,840.65,840.90,840.05,840.05,44,840.785,0,6
2010-11-04  10:02:00,840.75,841.00,840.75,841.00,23,840.76,0,4
2010-11-04  10:03:00,841.45,841.45,840.35,840.35,144,840.825,0,6
2010-11-04  10:04:00,840.95,841.00,840.35,841.00,92,840.91,0,4
2010-11-04  10:05:00,840.95,841.00,840.95,841.00,252,840.955,0,4
2010-11-04  10:06:00,841.00,841.75,840.95,841.75,52,841.47,0,10
2010-11-04  10:07:00,841.35,841.85,841.35,841.85,17,841.795,0,3
2010-11-04  10:08:00,841.85,841.85,841.80,841.80,14,841.845,0,2
2010-11-04  10:09:00,841.85,841.85,841.75,841.80,30,841.815,0,5
2010-11-04  10:10:00,841.80,842.00,841.15,841.25,184,841.845,0,8
2010-11-04  10:11:00,841.35,842.00,841.35,842.00,16,841.96,0,3
2010-11-04  10:12:00,842.10,842.95,842.10,842.80,45,842.78,0,8
2010-11-04  10:13:00,843.10,843.30,842.20,842.30,37,843.125,0,9
2010-11-04  10:14:00,843.25,843.40,842.35,842.50,33,842.79,0,8
2010-11-04  10:15:00,843.35,843.45,843.30,843.30,5,843.37,0,5
2010-11-04  10:16:00,842.80,842.80,842.50,842.80,30,842.71,0,5
2010-11-04  10:17:00,842.50,843.35,842.00,843.35,204,842.88,0,12
2010-11-04  10:18:00,843.70,844.00,843.30,844.00,186,843.585,0,11
2010-11-04  10:19:00,843.50,844.95,843.50,844.75,512,844.50,0,20
2010-11-04  10:20:00,844.70,844.70,844.30,844.70,140,844.535,0,8
2010-11-04  10:21:00,844.60,845.00,844.15,845.00,370,844.685,0,10
2010-11-04  10:22:00,845.00,847.00,845.00,845.75,247,846.34,0,14
2010-11-04  10:23:00,846.70,846.70,845.75,845.75,180,846.055,0,7
2010-11-04  10:24:00,845.70,845.70,843.85,844.65,143,844.15,0,9
2010-11-04  10:25:00,844.30,844.30,843.00,843.50,110,843.84,0,11
2010-11-04  10:26:00,843.45,845.00,842.35,845.00,201,843.745,0,6
2010-11-04  10:27:00,844.15,845.40,844.15,845.40,91,844.94,0,8
2010-11-04  10:28:00,845.05,845.05,844.00,844.00,198,844.385,0,7
2010-11-04  10:29:00,844.00,844.95,843.25,844.80,42,844.68,0,4
2010-11-04  10:30:00,843.25,844.80,843.25,844.80,98,844.65,0,6
2010-11-04  10:31:00,844.55,844.95,844.55,844.70,103,844.815,0,9
2010-11-04  10:32:00,844.25,844.95,844.25,844.95,60,844.465,0,6
2010-11-04  10:33:00,844.30,844.95,844.30,844.95,30,844.84,0,2
2010-11-04  10:34:00,844.95,844.95,844.65,844.95,70,844.915,0,8
2010-11-04  10:35:00,844.75,844.75,844.65,844.65,48,844.72,0,2
2010-11-04  10:36:00,844.30,844.30,842.50,842.50,46,844.14,0,3
2010-11-04  10:37:00,844.00,844.00,844.00,844.00,1,844.00,0,1
2010-11-04  10:38:00,843.20,843.95,842.30,843.90,117,842.355,0,5
2010-11-04  10:39:00,843.50,843.50,842.35,842.35,23,842.40,0,4
2010-11-04  10:40:00,843.50,843.50,843.45,843.45,40,843.46,0,5
2010-11-04  10:41:00,843.00,843.00,843.00,843.00,25,843.00,0,1
2010-11-04  10:42:00,843.00,843.00,842.10,842.10,151,842.63,0,8
2010-11-04  10:43:00,842.15,843.00,842.15,842.95,12,842.39,0,4
2010-11-04  10:44:00,842.95,843.00,842.95,843.00,72,842.985,0,5
2010-11-04  10:45:00,843.00,843.95,843.00,843.80,147,843.75,0,9
2010-11-04  10:46:00,843.00,843.50,842.65,843.00,77,843.33,0,7
2010-11-04  10:47:00,842.85,842.85,842.40,842.50,124,842.445,0,8
2010-11-04  10:48:00,842.15,842.95,842.15,842.95,86,842.495,0,5
2010-11-04  10:49:00,842.50,842.50,842.50,842.50,30,842.50,0,2
2010-11-04  10:50:00,842.00,842.95,842.00,842.80,164,842.285,0,4
2010-11-04  10:51:00,842.40,842.85,842.40,842.80,37,842.48,0,6
2010-11-04  10:52:00,842.75,842.90,842.75,842.90,118,842.885,0,3
2010-11-04  10:53:00,842.75,843.30,842.75,843.30,89,842.94,0,5
2010-11-04  10:54:00,843.30,843.30,843.30,843.30,0,843.30,0,0
2010-11-04  10:55:00,843.30,843.30,842.85,842.85,39,842.895,0,4
2010-11-04  10:56:00,842.85,842.85,842.85,842.85,0,842.85,0,0
2010-11-04  10:57:00,842.70,842.70,842.70,842.70,31,842.70,0,1
2010-11-04  10:58:00,842.10,842.85,842.10,842.85,81,842.36,0,4
2010-11-04  10:59:00,842.85,842.85,842.70,842.70,26,842.735,0,4
2010-11-04  11:00:00,842.80,842.80,842.65,842.65,67,842.71,0,3
2010-11-04  11:01:00,842.05,842.60,842.05,842.60,123,842.22,0,2
2010-11-04  11:02:00,842.00,842.60,842.00,842.05,55,842.13,0,3
2010-11-04  11:03:00,842.05,842.65,842.05,842.50,136,842.57,0,4
2010-11-04  11:04:00,842.65,843.00,842.25,843.00,87,842.665,0,5
2010-11-04  11:05:00,842.00,842.00,841.75,841.75,55,841.94,0,3
2010-11-04  11:06:00,842.40,842.40,841.75,841.75,54,841.81,0,3
2010-11-04  11:07:00,842.00,842.00,841.90,841.90,37,841.995,0,2
2010-11-04  11:08:00,841.95,842.60,841.95,842.60,86,841.985,0,6
2010-11-04  11:09:00,842.60,843.00,842.60,843.00,106,842.76,0,6
2010-11-04  11:10:00,843.00,843.00,842.00,842.85,8,842.77,0,4
2010-11-04  11:11:00,842.85,842.85,842.85,842.85,0,842.85,0,0
2010-11-04  11:12:00,843.00,843.00,843.00,843.00,129,843.00,0,5
2010-11-04  11:13:00,843.30,843.30,842.05,843.20,40,843.105,0,8
2010-11-04  11:14:00,843.20,843.25,843.20,843.25,21,843.24,0,2
2010-11-04  11:15:00,842.05,842.90,842.05,842.90,16,842.685,0,2
2010-11-04  11:16:00,843.25,843.25,842.00,843.20,22,843.19,0,4
2010-11-04  11:17:00,843.20,843.20,843.20,843.20,0,843.20,0,0
2010-11-04  11:18:00,843.20,843.20,842.85,843.20,55,843.045,0,5
2010-11-04  11:19:00,843.15,843.15,843.15,843.15,1,843.15,0,1
2010-11-04  11:20:00,843.00,843.00,842.80,842.80,28,842.85,0,6
2010-11-04  11:21:00,842.80,843.00,842.80,843.00,45,842.94,0,7
2010-11-04  11:22:00,843.00,843.00,843.00,843.00,29,843.00,0,2
2010-11-04  11:23:00,842.95,843.00,842.00,843.00,110,842.87,0,5
2010-11-04  11:24:00,842.90,842.90,842.90,842.90,11,842.90,0,1
2010-11-04  11:25:00,842.85,843.00,842.10,843.00,7,842.335,0,3
2010-11-04  11:26:00,842.90,842.90,842.90,842.90,21,842.90,0,2
2010-11-04  11:27:00,842.90,842.90,842.90,842.90,27,842.90,0,3
2010-11-04  11:28:00,842.90,843.20,842.15,842.20,60,842.66,0,13
2010-11-04  11:29:00,842.75,842.75,842.20,842.20,18,842.505,0,3
2010-11-04  11:30:00,842.80,842.95,842.80,842.95,19,842.865,0,2
2010-11-04  11:31:00,842.95,842.95,842.70,842.70,38,842.76,0,3
2010-11-04  11:32:00,842.90,842.90,842.90,842.90,1,842.90,0,1
2010-11-04  11:33:00,842.90,842.90,842.80,842.80,48,842.84,0,2
2010-11-04  11:34:00,842.75,842.75,842.75,842.75,12,842.75,0,2
2010-11-04  11:35:00,842.75,842.75,842.75,842.75,6,842.75,0,1
2010-11-04  11:36:00,842.75,842.75,842.75,842.75,0,842.75,0,0
2010-11-04  11:37:00,842.90,842.90,842.90,842.90,2,842.90,0,1
2010-11-04  11:38:00,842.50,842.50,842.50,842.50,1,842.50,0,1
2010-11-04  11:39:00,842.50,842.50,842.50,842.50,0,842.50,0,0
2010-11-04  11:40:00,842.50,842.50,842.00,842.00,217,842.065,0,2
2010-11-04  11:41:00,842.00,842.00,842.00,842.00,14,842.00,0,2
2010-11-04  11:42:00,842.00,842.00,841.50,841.95,47,841.85,0,4
2010-11-04  11:43:00,841.00,841.65,840.75,841.65,18,840.83,0,4
2010-11-04  11:44:00,840.75,840.75,840.75,840.75,46,840.75,0,1
2010-11-04  11:45:00,841.45,841.45,841.45,841.45,1,841.45,0,1
2010-11-04  11:46:00,841.45,841.45,841.45,841.45,0,841.45,0,0
2010-11-04  11:47:00,841.25,841.25,841.25,841.25,1,841.25,0,1
2010-11-04  11:48:00,841.05,841.05,840.55,840.90,405,840.865,0,6
2010-11-04  11:49:00,840.90,840.90,840.90,840.90,0,840.90,0,0
2010-11-04  11:50:00,840.85,840.85,840.85,840.85,5,840.85,0,1
2010-11-04  11:51:00,840.20,840.20,840.20,840.20,24,840.20,0,1
2010-11-04  11:52:00,840.20,840.20,840.20,840.20,0,840.20,0,0
2010-11-04  11:53:00,840.45,840.45,840.45,840.45,20,840.45,0,2
2010-11-04  11:54:00,841.00,841.00,840.40,840.40,138,840.765,0,3
2010-11-04  11:55:00,840.40,840.50,840.40,840.50,5,840.42,0,2
2010-11-04  11:56:00,840.50,840.50,840.50,840.50,0,840.50,0,0
2010-11-04  11:57:00,840.50,840.50,840.50,840.50,0,840.50,0,0
2010-11-04  11:58:00,840.85,840.85,840.85,840.85,8,840.85,0,1
2010-11-04  11:59:00,840.85,840.85,840.85,840.85,0,840.85,0,0
2010-11-04  12:00:00,840.85,840.85,840.85,840.85,5,840.85,0,1
2010-11-04  12:01:00,841.00,841.00,841.00,841.00,13,841.00,0,1
2010-11-04  12:02:00,841.00,841.00,840.40,840.40,115,840.795,0,3
2010-11-04  12:03:00,840.40,841.00,840.40,841.00,22,840.70,0,3
2010-11-04  12:04:00,840.40,840.40,840.40,840.40,5,840.40,0,1
2010-11-04  12:05:00,840.40,840.40,840.40,840.40,0,840.40,0,0
2010-11-04  12:06:00,840.40,840.40,840.40,840.40,218,840.40,0,4
2010-11-04  12:07:00,840.40,841.00,840.25,840.25,202,840.495,0,4
2010-11-04  12:08:00,840.25,840.25,840.25,840.25,0,840.25,0,0
2010-11-04  12:09:00,840.35,840.40,840.35,840.40,90,840.395,0,2
2010-11-04  12:10:00,840.40,840.40,840.40,840.40,0,840.40,0,0
2010-11-04  12:11:00,840.40,840.40,840.40,840.40,0,840.40,0,0
2010-11-04  12:12:00,840.60,840.95,840.60,840.95,45,840.795,0,2
2010-11-04  12:13:00,841.00,841.00,841.00,841.00,476,841.00,0,4
2010-11-04  12:14:00,840.95,841.00,840.00,840.00,393,840.01,0,5
2010-11-04  12:15:00,840.00,840.00,840.00,840.00,0,840.00,0,0
2010-11-04  12:16:00,842.20,842.20,839.95,840.25,4004,842.095,0,7
2010-11-04  12:17:00,840.25,840.25,840.25,840.25,1,840.25,0,1
2010-11-04  12:18:00,841.50,842.20,841.50,842.20,249,841.955,0,11
2010-11-04  12:19:00,842.20,842.20,842.00,842.20,494,842.195,0,9
2010-11-04  12:20:00,842.20,842.20,842.05,842.20,625,842.20,0,5
2010-11-04  12:21:00,842.20,842.20,842.05,842.20,765,842.20,0,4
2010-11-04  12:22:00,842.20,842.20,842.20,842.20,10,842.20,0,1
2010-11-04  12:23:00,842.00,842.00,841.90,841.90,25,841.92,0,2
2010-11-04  12:24:00,841.25,841.30,841.25,841.30,3,841.285,0,3
2010-11-04  12:25:00,841.95,841.95,841.95,841.95,1,841.95,0,1
2010-11-04  12:26:00,841.15,841.95,841.15,841.95,14,841.72,0,5
2010-11-04  12:27:00,841.15,841.15,841.15,841.15,21,841.15,0,2
2010-11-04  12:28:00,841.00,841.00,841.00,841.00,41,841.00,0,3
2010-11-04  12:29:00,841.00,841.00,841.00,841.00,14,841.00,0,2
2010-11-04  12:30:00,841.90,841.90,841.00,841.00,21,841.855,0,2
2010-11-04  12:31:00,841.00,841.00,841.00,841.00,0,841.00,0,0
2010-11-04  12:32:00,841.00,841.00,841.00,841.00,0,841.00,0,0
2010-11-04  12:33:00,840.60,840.75,840.60,840.75,2,840.675,0,2
2010-11-04  12:34:00,840.75,840.75,840.75,840.75,0,840.75,0,0
2010-11-04  12:35:00,840.75,840.75,840.75,840.75,0,840.75,0,0
2010-11-04  12:36:00,841.05,841.05,840.50,840.50,62,841.01,0,4
2010-11-04  12:37:00,840.35,840.35,840.35,840.35,278,840.35,0,4
2010-11-04  12:38:00,840.55,841.00,840.50,841.00,155,840.87,0,4
2010-11-04  12:39:00,841.00,841.00,841.00,841.00,0,841.00,0,0
2010-11-04  12:40:00,840.70,840.70,840.70,840.70,9,840.70,0,1
2010-11-04  12:41:00,841.75,841.75,841.75,841.75,50,841.75,0,3
2010-11-04  12:42:00,840.70,840.70,840.70,840.70,4,840.70,0,1
2010-11-04  12:43:00,840.70,840.70,840.70,840.70,0,840.70,0,0
2010-11-04  12:44:00,840.70,840.70,840.70,840.70,0,840.70,0,0
2010-11-04  12:45:00,841.80,841.80,841.80,841.80,85,841.80,0,1
2010-11-04  12:46:00,841.05,841.05,840.15,840.15,199,840.225,0,2
2010-11-04  12:47:00,840.15,840.15,840.15,840.15,0,840.15,0,0
2010-11-04  12:48:00,840.00,840.00,839.30,839.30,28,839.75,0,4
2010-11-04  12:49:00,840.90,840.90,840.90,840.90,20,840.90,0,1
2010-11-04  12:50:00,840.90,840.90,840.90,840.90,0,840.90,0,0
2010-11-04  12:51:00,840.90,840.90,840.90,840.90,0,840.90,0,0
2010-11-04  12:52:00,840.00,840.90,840.00,840.90,26,840.035,0,2
2010-11-04  12:53:00,839.40,840.00,839.40,840.00,16,839.59,0,3
2010-11-04  12:54:00,839.40,839.40,839.40,839.40,25,839.40,0,1
2010-11-04  12:55:00,840.50,841.40,839.00,839.00,67,840.31,0,5
2010-11-04  12:56:00,841.40,841.40,840.90,840.90,7,841.10,0,7
2010-11-04  12:57:00,840.70,840.70,840.70,840.70,2,840.70,0,2
2010-11-04  12:58:00,839.30,839.30,839.30,839.30,40,839.30,0,1
2010-11-04  12:59:00,840.00,840.00,840.00,840.00,1,840.00,0,1
2010-11-04  13:00:00,839.55,840.10,839.55,840.10,48,839.59,0,5
2010-11-04  13:01:00,840.00,840.25,840.00,840.25,16,840.015,0,2
2010-11-04  13:02:00,840.50,840.50,839.60,839.60,2,840.05,0,2
2010-11-04  13:03:00,840.10,841.50,840.10,841.50,37,841.055,0,4
2010-11-04  13:04:00,841.50,841.50,840.60,840.60,191,841.465,0,4
2010-11-04  13:05:00,841.50,842.90,841.50,842.90,65,842.08,0,5
2010-11-04  13:06:00,842.85,842.85,842.80,842.80,62,842.84,0,4
2010-11-04  13:07:00,842.80,842.80,842.10,842.30,90,842.21,0,4
2010-11-04  13:08:00,842.70,842.70,842.70,842.70,1,842.70,0,1
2010-11-04  13:09:00,842.30,842.30,841.55,841.55,108,841.58,0,4
2010-11-04  13:10:00,842.00,842.00,842.00,842.00,5,842.00,0,1
2010-11-04  13:11:00,841.00,841.85,841.00,841.00,5,841.17,0,5
2010-11-04  13:12:00,840.35,840.35,840.35,840.35,1,840.35,0,1
2010-11-04  13:13:00,840.50,840.50,840.00,840.00,3,840.335,0,2
2010-11-04  13:14:00,840.00,840.00,840.00,840.00,1,840.00,0,1
2010-11-04  13:15:00,840.00,840.00,840.00,840.00,0,840.00,0,0
2010-11-04  13:16:00,840.50,840.50,840.50,840.50,1,840.50,0,1
2010-11-04  13:17:00,840.25,841.35,840.25,841.35,83,840.915,0,2
2010-11-04  13:18:00,840.00,840.00,840.00,840.00,96,840.00,0,1
2010-11-04  13:19:00,840.00,841.80,840.00,841.80,48,840.865,0,2
2010-11-04  13:20:00,840.20,841.00,840.20,841.00,26,840.60,0,2
2010-11-04  13:21:00,841.80,842.80,841.80,842.80,91,841.81,0,4
2010-11-04  13:22:00,841.00,842.70,841.00,842.70,49,842.355,0,2
2010-11-04  13:23:00,841.10,842.70,841.10,842.70,20,841.90,0,2
2010-11-04  13:24:00,841.15,841.15,841.15,841.15,10,841.15,0,1
2010-11-04  13:25:00,841.15,841.15,841.15,841.15,1,841.15,0,1
2010-11-04  13:26:00,842.55,842.55,842.55,842.55,1,842.55,0,1
2010-11-04  13:27:00,841.15,841.15,841.15,841.15,20,841.15,0,1
2010-11-04  13:28:00,841.15,841.15,841.15,841.15,0,841.15,0,0
2010-11-04  13:29:00,841.00,841.00,840.35,840.35,15,840.565,0,2
2010-11-04  13:30:00,840.95,840.95,840.95,840.95,23,840.95,0,3
2010-11-04  13:31:00,840.95,840.95,840.95,840.95,0,840.95,0,0
2010-11-04  13:32:00,840.20,840.20,840.20,840.20,28,840.20,0,1
2010-11-04  13:33:00,840.30,840.30,840.30,840.30,100,840.30,0,1
2010-11-04  13:34:00,840.30,840.30,840.30,840.30,0,840.30,0,0
2010-11-04  13:35:00,841.00,841.00,841.00,841.00,1,841.00,0,1
2010-11-04  13:36:00,841.00,841.00,841.00,841.00,0,841.00,0,0
2010-11-04  13:37:00,841.00,841.00,840.20,841.00,126,840.945,0,4
2010-11-04  13:38:00,840.90,840.90,840.90,840.90,25,840.90,0,1
2010-11-04  13:39:00,840.20,840.25,840.20,840.25,152,840.25,0,3
2010-11-04  13:40:00,840.90,840.90,840.90,840.90,5,840.90,0,1
2010-11-04  13:41:00,840.90,841.00,840.90,841.00,157,840.935,0,4
2010-11-04  13:42:00,841.00,841.00,841.00,841.00,0,841.00,0,0
2010-11-04  13:43:00,841.00,841.00,841.00,841.00,376,841.00,0,6
2010-11-04  13:44:00,841.00,841.00,840.60,841.00,147,840.99,0,4
2010-11-04  13:45:00,840.60,841.00,840.25,840.40,133,840.595,0,7
2010-11-04  13:46:00,840.40,840.40,840.40,840.40,1,840.40,0,1
2010-11-04  13:47:00,840.40,840.40,840.05,840.05,27,840.075,0,3
2010-11-04  13:48:00,841.00,841.00,840.00,840.90,161,840.085,0,6
2010-11-04  13:49:00,840.95,840.95,840.05,840.05,7,840.82,0,2
2010-11-04  13:50:00,840.05,840.05,840.05,840.05,0,840.05,0,0
2010-11-04  13:51:00,840.05,840.05,840.05,840.05,0,840.05,0,0
2010-11-04  13:52:00,840.50,840.50,840.40,840.40,32,840.48,0,2
2010-11-04  13:53:00,840.80,840.80,840.80,840.80,1,840.80,0,1
2010-11-04  13:54:00,840.80,840.80,840.80,840.80,0,840.80,0,0
2010-11-04  13:55:00,840.85,840.85,840.85,840.85,66,840.85,0,1
2010-11-04  13:56:00,840.85,840.85,840.85,840.85,40,840.85,0,1
2010-11-04  13:57:00,840.85,840.85,840.85,840.85,0,840.85,0,0
2010-11-04  13:58:00,840.60,840.60,840.60,840.60,25,840.60,0,1
2010-11-04  13:59:00,840.05,840.05,840.00,840.00,50,840.005,0,2
2010-11-04  14:00:00,840.00,840.00,840.00,840.00,0,840.00,0,0
2010-11-04  14:01:00,840.85,840.85,840.05,840.05,16,840.55,0,2
2010-11-04  14:02:00,840.05,840.80,840.05,840.80,35,840.585,0,3
2010-11-04  14:03:00,841.00,841.00,841.00,841.00,69,841.00,0,2
2010-11-04  14:04:00,841.00,841.00,841.00,841.00,8,841.00,0,1
2010-11-04  14:05:00,840.50,840.50,840.10,840.10,132,840.14,0,4
2010-11-04  14:06:00,840.10,840.10,840.10,840.10,0,840.10,0,0
2010-11-04  14:07:00,840.10,840.10,840.10,840.10,0,840.10,0,0
2010-11-04  14:08:00,840.20,840.20,840.20,840.20,60,840.20,0,2
2010-11-04  14:09:00,840.20,840.20,840.20,840.20,0,840.20,0,0
2010-11-04  14:10:00,840.15,840.15,840.00,840.00,206,840.15,0,3
2010-11-04  14:11:00,840.00,840.00,839.10,839.10,107,839.655,0,4
2010-11-04  14:12:00,839.10,839.85,839.10,839.85,68,839.30,0,2
2010-11-04  14:13:00,839.10,839.10,839.10,839.10,47,839.10,0,2
2010-11-04  14:14:00,839.10,839.10,839.10,839.10,10,839.10,0,1
2010-11-04  14:15:00,839.10,839.10,839.10,839.10,0,839.10,0,0
2010-11-04  14:16:00,839.80,839.80,839.10,839.10,35,839.30,0,2
2010-11-04  14:17:00,839.10,839.10,839.10,839.10,0,839.10,0,0
2010-11-04  14:18:00,839.80,839.80,839.80,839.80,191,839.80,0,2
2010-11-04  14:19:00,839.10,839.10,839.10,839.10,1,839.10,0,1
2010-11-04  14:20:00,839.10,839.10,839.10,839.10,0,839.10,0,0
2010-11-04  14:21:00,839.10,839.10,839.10,839.10,0,839.10,0,0
2010-11-04  14:22:00,839.10,839.10,839.10,839.10,0,839.10,0,0
2010-11-04  14:23:00,839.10,839.15,839.10,839.15,6,839.11,0,2
2010-11-04  14:24:00,839.15,839.15,839.15,839.15,0,839.15,0,0
2010-11-04  14:25:00,839.65,840.00,839.25,839.25,49,839.73,0,5
2010-11-04  14:26:00,840.15,840.70,839.35,840.70,47,839.58,0,3
2010-11-04  14:27:00,840.70,840.70,840.00,840.00,56,840.125,0,3
2010-11-04  14:28:00,840.00,840.00,840.00,840.00,0,840.00,0,0
2010-11-04  14:29:00,839.10,839.10,839.05,839.05,9,839.09,0,2
2010-11-04  14:30:00,839.05,839.05,839.05,839.05,0,839.05,0,0
2010-11-04  14:31:00,839.05,839.05,839.05,839.05,0,839.05,0,0
2010-11-04  14:32:00,839.10,839.10,839.10,839.10,21,839.10,0,1
2010-11-04  14:33:00,839.80,839.80,839.80,839.80,1,839.80,0,1
2010-11-04  14:34:00,839.90,839.90,839.40,839.40,2,839.65,0,2
2010-11-04  14:35:00,839.45,840.00,839.45,840.00,46,839.99,0,2
2010-11-04  14:36:00,840.40,840.40,840.00,840.00,8,840.30,0,2
2010-11-04  14:37:00,841.00,841.00,841.00,841.00,188,841.00,0,4
2010-11-04  14:38:00,841.00,841.00,841.00,841.00,0,841.00,0,0
2010-11-04  14:39:00,840.05,840.05,840.05,840.05,5,840.05,0,1
2010-11-04  14:40:00,840.65,840.65,840.60,840.60,41,840.65,0,2
2010-11-04  14:41:00,840.60,840.60,840.60,840.60,0,840.60,0,0
2010-11-04  14:42:00,839.75,839.75,839.75,839.75,3,839.75,0,2
2010-11-04  14:43:00,840.30,840.30,840.30,840.30,1,840.30,0,1
2010-11-04  14:44:00,840.35,840.35,840.35,840.35,164,840.35,0,4
2010-11-04  14:45:00,840.35,840.35,840.35,840.35,0,840.35,0,0
2010-11-04  14:46:00,840.15,840.15,840.15,840.15,5,840.15,0,1
2010-11-04  14:47:00,840.15,840.15,840.15,840.15,22,840.15,0,4
2010-11-04  14:48:00,840.90,840.90,840.90,840.90,30,840.90,0,1
2010-11-04  14:49:00,841.00,841.25,841.00,841.05,37,841.145,0,4
2010-11-04  14:50:00,841.05,841.05,841.05,841.05,0,841.05,0,0
2010-11-04  14:51:00,841.05,841.05,841.05,841.05,0,841.05,0,0
2010-11-04  14:52:00,841.20,841.20,841.00,841.00,11,841.18,0,3
2010-11-04  14:53:00,840.15,840.15,840.15,840.15,1,840.15,0,1
2010-11-04  14:54:00,841.00,841.00,840.10,840.10,58,840.285,0,4
2010-11-04  14:55:00,840.90,840.90,840.90,840.90,20,840.90,0,2
2010-11-04  14:56:00,840.10,840.10,840.10,840.10,54,840.10,0,1
2010-11-04  14:57:00,840.00,840.00,839.30,839.30,235,839.335,0,6
2010-11-04  14:58:00,839.35,840.00,839.35,840.00,60,839.46,0,2
2010-11-04  14:59:00,839.45,839.65,839.45,839.65,30,839.485,0,2
2010-11-04  15:00:00,840.00,840.00,839.65,839.65,60,839.995,0,3
2010-11-04  15:01:00,839.60,841.25,839.60,840.05,291,840.045,0,4
2010-11-04  15:02:00,840.70,841.00,840.70,841.00,140,840.715,0,5
2010-11-04  15:03:00,841.25,841.40,840.80,840.80,101,841.355,0,5
2010-11-04  15:04:00,840.00,840.20,840.00,840.20,37,840.055,0,3
2010-11-04  15:05:00,841.00,841.00,840.55,840.55,122,840.995,0,4
2010-11-04  15:06:00,840.45,840.95,840.30,840.30,35,840.43,0,3
2010-11-04  15:07:00,840.95,841.00,840.95,840.95,215,840.965,0,11
2010-11-04  15:08:00,840.95,841.00,840.95,840.95,293,840.95,0,5
2010-11-04  15:09:00,840.20,840.20,840.20,840.20,48,840.20,0,1
2010-11-04  15:10:00,840.20,840.20,840.20,840.20,0,840.20,0,0
2010-11-04  15:11:00,840.95,840.95,840.20,840.20,34,840.72,0,5
2010-11-04  15:12:00,840.15,840.75,840.15,840.75,52,840.175,0,2
2010-11-04  15:13:00,840.70,840.70,840.20,840.65,125,840.365,0,4
2010-11-04  15:14:00,840.65,840.65,840.25,840.65,12,840.585,0,4
2010-11-04  15:15:00,840.85,840.85,840.85,840.85,63,840.85,0,1
2010-11-04  15:16:00,840.00,840.70,839.35,839.65,192,840.15,0,7
2010-11-04  15:17:00,840.60,840.60,839.55,839.55,182,839.61,0,3
2010-11-04  15:18:00,840.45,840.60,840.00,840.05,50,840.13,0,6
2010-11-04  15:19:00,840.05,841.00,840.05,840.95,579,841.00,0,5
2010-11-04  15:20:00,840.40,841.50,840.40,841.30,369,841.075,0,12
2010-11-04  15:21:00,841.00,841.00,841.00,841.00,6,841.00,0,1
2010-11-04  15:22:00,840.95,840.95,840.75,840.75,57,840.755,0,4
2010-11-04  15:23:00,841.00,841.00,840.30,840.30,355,840.72,0,8
2010-11-04  15:24:00,840.30,840.60,840.15,840.60,124,840.36,0,4
2010-11-04  15:25:00,841.00,841.00,840.55,841.00,124,840.98,0,5
2010-11-04  15:26:00,841.00,841.00,840.10,840.10,365,840.68,0,5
2010-11-04  15:27:00,840.25,840.85,839.40,840.85,581,840.395,0,8
2010-11-04  15:28:00,840.85,840.85,840.05,840.85,44,840.39,0,8
2010-11-04  15:29:00,840.85,840.85,838.55,838.55,181,839.935,0,6
2010-11-05  18:55:00,846.00,846.35,846.00,846.35,2,846.175,0,2
2010-11-05  18:56:00,846.00,846.00,845.40,845.55,142,845.50,0,6
2010-11-05  18:57:00,845.35,846.00,845.35,845.95,151,845.88,0,4
2010-11-05  18:58:00,845.95,845.95,845.35,845.90,174,845.71,0,10
2010-11-05  18:59:00,845.40,846.50,845.40,845.50,345,845.795,0,12
2010-11-08  09:15:00,845.50,848.80,829.00,842.50,81,845.59,0,5
2010-11-08  09:16:00,842.65,845.55,842.30,842.30,179,844.565,0,8
2010-11-08  09:17:00,842.30,846.90,842.30,845.00,76,844.735,0,7
2010-11-08  09:18:00,845.00,845.00,842.50,844.90,206,843.165,0,6
2010-11-08  09:19:00,844.70,844.95,843.00,843.00,38,844.835,0,6
2010-11-08  09:20:00,842.65,842.65,841.25,842.00,138,841.805,0,10
2010-11-08  09:21:00,842.00,842.50,842.00,842.50,99,842.32,0,5
2010-11-08  09:22:00,842.90,842.90,841.15,841.30,5,842.05,0,4
2010-11-08  09:23:00,841.50,842.40,841.15,842.40,70,841.515,0,7
2010-11-08  09:24:00,842.05,842.25,841.35,841.35,58,841.76,0,7
2010-11-08  09:25:00,842.00,842.00,840.00,840.00,46,841.585,0,8
2010-11-08  09:26:00,839.00,839.95,838.30,839.25,89,838.965,0,13
2010-11-08  09:27:00,840.00,841.10,840.00,841.10,17,840.94,0,3
2010-11-08  09:28:00,842.00,842.00,840.55,842.00,43,841.945,0,4
2010-11-08  09:29:00,842.00,842.40,841.15,842.40,123,841.555,0,8
2010-11-08  09:30:00,842.40,843.80,842.40,843.80,170,842.56,0,7
2010-11-08  09:31:00,843.00,843.80,843.00,843.80,22,843.765,0,3
2010-11-08  09:32:00,842.50,842.50,842.50,842.50,25,842.50,0,2
2010-11-08  09:33:00,842.50,843.70,842.50,842.50,168,842.635,0,8
2010-11-08  09:34:00,842.50,842.50,840.55,840.55,21,842.20,0,6
2010-11-08  09:35:00,842.00,842.00,840.70,840.70,60,840.915,0,2
2010-11-08  09:36:00,840.70,841.90,839.05,839.05,202,840.355,0,11
2010-11-08  09:37:00,841.65,841.65,839.60,841.00,111,839.71,0,5
2010-11-08  09:38:00,841.00,841.00,840.05,840.90,38,840.28,0,3
2010-11-08  09:39:00,840.00,840.00,838.00,838.00,7,839.22,0,6
2010-11-08  09:40:00,837.00,838.00,837.00,838.00,79,837.675,0,5
2010-11-08  09:41:00,838.05,839.35,838.05,839.35,51,839.325,0,2
2010-11-08  09:42:00,839.35,840.00,838.15,840.00,11,839.485,0,7
2010-11-08  09:43:00,839.95,839.95,839.90,839.90,5,839.91,0,2
2010-11-08  09:44:00,839.35,839.40,839.00,839.00,80,839.30,0,10
2010-11-08  09:45:00,838.10,838.10,838.10,838.10,55,838.10,0,2
2010-11-08  09:46:00,839.00,839.05,839.00,839.05,21,839.015,0,3
2010-11-08  09:47:00,839.00,839.00,838.25,838.90,74,838.485,0,10
2010-11-08  09:48:00,838.90,838.90,838.90,838.90,0,838.90,0,0
2010-11-08  09:49:00,838.90,838.90,838.90,838.90,44,838.90,0,3
2010-11-08  09:50:00,838.70,838.70,838.00,838.00,74,838.145,0,5
2010-11-08  09:51:00,838.05,838.05,838.00,838.00,56,838.005,0,5
2010-11-08  09:52:00,838.00,838.00,836.90,836.90,40,837.92,0,6
2010-11-08  09:53:00,836.05,837.80,836.05,836.90,56,836.325,0,4
2010-11-08  09:54:00,837.20,837.80,836.90,837.80,53,837.49,0,12
2010-11-08  09:55:00,838.00,839.35,837.15,837.25,101,838.305,0,5
2010-11-08  09:56:00,839.50,839.50,837.30,838.25,411,839.26,0,9
2010-11-08  09:57:00,838.25,838.25,837.40,837.40,4,838.015,0,4
2010-11-08  09:58:00,837.40,837.40,837.40,837.40,0,837.40,0,0
2010-11-08  09:59:00,837.70,837.70,837.70,837.70,5,837.70,0,2
2010-11-08  10:00:00,837.70,838.00,837.55,838.00,57,837.715,0,9
2010-11-08  10:01:00,837.95,837.95,837.60,837.65,51,837.625,0,8
2010-11-08  10:02:00,837.60,838.05,837.60,837.75,60,837.77,0,4
2010-11-08  10:03:00,838.05,839.50,838.05,839.50,6,838.615,0,5
2010-11-08  10:04:00,838.40,839.50,838.20,838.40,20,838.445,0,4
2010-11-08  10:05:00,838.00,838.50,838.00,838.50,90,838.39,0,7
2010-11-08  10:06:00,838.55,838.60,838.55,838.60,10,838.595,0,2
2010-11-08  10:07:00,838.60,838.65,838.60,838.65,46,838.64,0,4
2010-11-08  10:08:00,838.35,838.35,837.75,837.75,62,838.34,0,7
2010-11-08  10:09:00,837.75,837.85,837.55,837.55,79,837.655,0,7
2010-11-08  10:10:00,837.55,837.65,837.55,837.65,58,837.60,0,5
2010-11-08  10:11:00,838.05,838.05,838.05,838.05,7,838.05,0,4
2010-11-08  10:12:00,838.90,838.90,838.90,838.90,3,838.90,0,1
2010-11-08  10:13:00,838.30,838.85,838.15,838.85,21,838.59,0,11
2010-11-08  10:14:00,838.70,839.85,838.70,839.85,105,839.27,0,4
2010-11-08  10:15:00,839.85,839.90,839.05,839.05,20,839.81,0,4
2010-11-08  10:16:00,839.90,839.90,839.90,839.90,20,839.90,0,2
2010-11-08  10:17:00,839.05,839.05,838.15,838.15,22,838.395,0,6
2010-11-08  10:18:00,838.15,839.00,838.15,839.00,76,838.50,0,8
2010-11-08  10:19:00,839.00,839.90,839.00,839.90,27,839.205,0,4
2010-11-08  10:20:00,840.00,840.80,840.00,840.00,36,840.05,0,4
2010-11-08  10:21:00,840.00,840.00,839.15,839.15,154,839.99,0,4
2010-11-08  10:22:00,839.15,840.00,839.15,839.15,33,839.665,0,6
2010-11-08  10:23:00,839.15,839.15,838.35,838.35,32,838.74,0,5
2010-11-08  10:24:00,838.40,838.60,838.25,838.35,13,838.325,0,5
2010-11-08  10:25:00,838.35,838.45,837.60,837.65,12,838.205,0,9
2010-11-08  10:26:00,838.95,838.95,838.00,838.80,97,838.12,0,5
2010-11-08  10:27:00,838.00,838.10,838.00,838.10,36,838.055,0,4
2010-11-08  10:28:00,838.20,838.70,838.20,838.70,108,838.23,0,5
2010-11-08  10:29:00,838.70,838.70,838.25,838.25,12,838.365,0,3
2010-11-08  10:30:00,838.25,838.50,838.15,838.25,9,838.255,0,5
2010-11-08  10:31:00,838.65,838.65,838.50,838.50,81,838.595,0,3
2010-11-08  10:32:00,838.50,838.95,838.50,838.95,72,838.635,0,6
2010-11-08  10:33:00,838.95,838.95,838.70,838.95,15,838.935,0,4
2010-11-08  10:34:00,838.90,838.90,838.55,838.60,64,838.595,0,5
2010-11-08  10:35:00,839.00,839.00,838.80,838.80,7,838.97,0,2
2010-11-08  10:36:00,838.15,838.80,838.15,838.80,264,838.21,0,6
2010-11-08  10:37:00,838.80,840.00,838.80,840.00,152,839.035,0,6
2010-11-08  10:38:00,840.00,840.00,840.00,840.00,79,840.00,0,2
2010-11-08  10:39:00,840.00,840.00,839.35,839.35,34,839.75,0,3
2010-11-08  10:40:00,839.35,839.35,839.05,839.05,23,839.145,0,7
2010-11-08  10:41:00,839.05,839.70,838.70,839.70,12,839.275,0,9
2010-11-08  10:42:00,839.15,839.20,839.15,839.20,4,839.175,0,4
2010-11-08  10:43:00,839.05,840.60,839.05,840.60,106,840.14,0,6
2010-11-08  10:44:00,840.00,840.60,840.00,840.60,10,840.18,0,2
2010-11-08  10:45:00,840.60,841.70,840.60,841.45,117,840.765,0,8
2010-11-08  10:46:00,841.10,841.40,841.10,841.40,2,841.25,0,2
2010-11-08  10:47:00,841.20,841.20,841.10,841.10,70,841.10,0,5
2010-11-08  10:48:00,841.10,841.15,841.10,841.10,201,841.10,0,7
2010-11-08  10:49:00,841.10,841.10,840.70,840.70,72,840.995,0,7
2010-11-08  10:50:00,840.70,840.70,840.20,840.60,59,840.50,0,6
2010-11-08  10:51:00,840.20,840.30,840.20,840.30,62,840.30,0,3
2010-11-08  10:52:00,840.20,840.20,840.00,840.00,2,840.10,0,2
2010-11-08  10:53:00,840.10,840.20,839.50,839.50,56,840.10,0,3
2010-11-08  10:54:00,840.10,840.10,840.05,840.05,46,840.10,0,2
2010-11-08  10:55:00,840.05,840.95,840.05,840.95,55,840.235,0,4
2010-11-08  10:56:00,840.95,840.95,840.90,840.90,17,840.93,0,2
2010-11-08  10:57:00,840.00,840.00,840.00,840.00,102,840.00,0,2
2010-11-08  10:58:00,840.00,840.00,838.50,838.50,378,839.965,0,10
2010-11-08  10:59:00,838.60,839.50,838.60,838.70,123,838.815,0,9
2010-11-08  11:00:00,838.70,839.40,838.70,838.70,6,838.815,0,5
2010-11-08  11:01:00,838.75,839.40,838.55,838.65,63,838.75,0,10
2010-11-08  11:02:00,838.65,839.00,838.65,839.00,106,838.90,0,5
2010-11-08  11:03:00,839.40,839.40,839.00,839.40,13,839.37,0,4
2010-11-08  11:04:00,839.40,839.40,839.40,839.40,0,839.40,0,0
2010-11-08  11:05:00,839.25,839.25,839.25,839.25,4,839.25,0,1
2010-11-08  11:06:00,839.05,839.10,839.00,839.10,91,839.04,0,8
2010-11-08  11:07:00,839.15,839.15,839.15,839.15,1,839.15,0,1
2010-11-08  11:08:00,839.40,839.40,839.25,839.25,3,839.30,0,3
2010-11-08  11:09:00,839.25,839.25,839.00,839.00,49,839.10,0,4
2010-11-08  11:10:00,839.00,839.00,838.60,838.60,29,838.875,0,5
2010-11-08  11:11:00,838.60,838.60,838.60,838.60,25,838.60,0,6
2010-11-08  11:12:00,838.60,839.35,838.20,839.00,111,838.52,0,8
2010-11-08  11:13:00,839.05,839.05,839.05,839.05,2,839.05,0,1
2010-11-08  11:14:00,839.00,839.00,838.50,838.60,89,838.60,0,6
2010-11-08  11:15:00,838.70,838.70,838.50,838.50,7,838.53,0,2
2010-11-08  11:16:00,838.50,838.50,838.15,838.40,72,838.335,0,8
2010-11-08  11:17:00,838.40,838.40,838.40,838.40,19,838.40,0,1
2010-11-08  11:18:00,838.55,838.55,838.40,838.40,42,838.445,0,5
2010-11-08  11:19:00,838.40,838.40,838.40,838.40,45,838.40,0,4
2010-11-08  11:20:00,838.40,838.40,838.25,838.25,70,838.255,0,3
2010-11-08  11:21:00,838.50,840.95,838.50,840.95,275,839.915,0,9
2010-11-08  11:22:00,840.10,840.10,840.00,840.10,6,840.065,0,3
2010-11-08  11:23:00,841.00,841.00,841.00,841.00,1,841.00,0,1
2010-11-08  11:24:00,840.90,840.90,840.10,840.50,6,840.50,0,4
2010-11-08  11:25:00,840.05,840.05,840.05,840.05,29,840.05,0,4
2010-11-08  11:26:00,840.10,841.40,840.10,841.40,96,840.165,0,5
2010-11-08  11:27:00,841.40,841.40,841.40,841.40,13,841.40,0,1
2010-11-08  11:28:00,840.05,840.70,840.05,840.30,24,840.13,0,6
2010-11-08  11:29:00,840.05,840.05,839.25,839.25,51,839.815,0,5
2010-11-08  11:30:00,839.70,839.75,839.70,839.75,39,839.72,0,5
2010-11-08  11:31:00,839.75,841.00,839.75,841.00,95,840.23,0,6
2010-11-08  11:32:00,841.50,843.45,841.50,842.85,418,842.90,0,11
2010-11-08  11:33:00,842.85,844.70,842.80,844.70,254,843.26,0,9
2010-11-08  11:34:00,844.70,844.70,844.05,844.70,204,844.615,0,17
2010-11-08  11:35:00,844.80,846.70,844.40,846.70,134,845.635,0,12
2010-11-08  11:36:00,846.00,847.50,846.00,847.50,204,846.835,0,15
2010-11-08  11:37:00,847.70,849.00,847.70,849.00,216,847.84,0,14
2010-11-08  11:38:00,848.30,848.95,847.00,847.70,168,848.61,0,16
2010-11-08  11:39:00,847.70,847.70,846.00,846.35,37,847.245,0,7
2010-11-08  11:40:00,845.90,845.90,844.10,845.00,83,844.415,0,11
2010-11-08  11:41:00,844.95,844.95,843.15,843.60,141,843.40,0,10
2010-11-08  11:42:00,844.25,845.00,843.60,845.00,104,844.30,0,12
2010-11-08  11:43:00,844.35,846.70,844.35,846.70,335,845.925,0,4
2010-11-08  11:44:00,845.05,846.30,845.05,846.30,53,846.255,0,5
2010-11-08  11:45:00,845.35,845.35,844.55,844.55,38,845.29,0,4
2010-11-08  11:46:00,844.55,845.00,844.25,844.95,47,844.875,0,8
2010-11-08  11:47:00,844.35,844.35,844.35,844.35,22,844.35,0,4
2010-11-08  11:48:00,844.35,845.00,844.35,844.40,16,844.64,0,7
2010-11-08  11:49:00,844.40,845.00,844.10,844.50,72,844.835,0,9
2010-11-08  11:50:00,844.50,844.70,844.05,844.05,13,844.395,0,6
2010-11-08  11:51:00,844.05,844.50,844.05,844.50,14,844.275,0,5
2010-11-08  11:52:00,844.05,844.05,844.00,844.00,2,844.025,0,2
2010-11-08  11:53:00,844.00,844.00,843.50,843.75,151,843.735,0,5
2010-11-08  11:54:00,844.00,844.40,844.00,844.40,60,844.335,0,4
2010-11-08  11:55:00,844.40,844.40,844.00,844.00,54,844.37,0,4
2010-11-08  11:56:00,844.00,844.85,844.00,844.85,124,844.67,0,6
2010-11-08  11:57:00,845.00,845.80,845.00,845.80,13,845.74,0,3
2010-11-08  11:58:00,845.50,845.75,845.50,845.75,23,845.535,0,3
2010-11-08  11:59:00,845.50,845.50,845.50,845.50,33,845.50,0,3
2010-11-08  12:00:00,845.00,845.00,844.20,844.20,20,844.36,0,4
2010-11-08  12:01:00,844.25,844.55,844.25,844.55,64,844.425,0,9
2010-11-08  12:02:00,844.55,844.55,844.45,844.50,38,844.48,0,8
2010-11-08  12:03:00,844.20,844.50,844.20,844.50,14,844.395,0,2
2010-11-08  12:04:00,844.50,845.70,844.50,845.70,38,844.565,0,2
2010-11-08  12:05:00,844.30,845.65,844.20,845.65,20,845.295,0,4
2010-11-08  12:06:00,845.45,845.45,845.45,845.45,34,845.45,0,4
2010-11-08  12:07:00,844.35,844.35,844.35,844.35,19,844.35,0,5
2010-11-08  12:08:00,844.30,844.85,844.20,844.20,44,844.25,0,5
2010-11-08  12:09:00,844.00,844.00,843.65,843.65,60,843.71,0,11
2010-11-08  12:10:00,843.65,843.65,843.60,843.60,58,843.65,0,7
2010-11-08  12:11:00,843.70,843.70,843.70,843.70,20,843.70,0,1
2010-11-08  12:12:00,843.60,843.60,843.60,843.60,12,843.60,0,2
2010-11-08  12:13:00,842.55,842.55,842.25,842.45,80,842.43,0,8
2010-11-08  12:14:00,843.35,843.35,842.35,842.35,9,842.905,0,2
2010-11-08  12:15:00,842.40,842.40,842.25,842.25,627,842.375,0,6
2010-11-08  12:16:00,842.30,842.30,841.35,841.35,61,841.575,0,7
2010-11-08  12:17:00,841.35,841.45,841.35,841.35,97,841.36,0,6
2010-11-08  12:18:00,841.35,841.35,841.35,841.35,2,841.35,0,1
2010-11-08  12:19:00,841.40,841.40,841.10,841.10,32,841.15,0,8
2010-11-08  12:20:00,841.00,841.50,841.00,841.50,109,841.15,0,6
2010-11-08  12:21:00,841.50,841.95,840.35,840.40,45,841.35,0,8
2010-11-08  12:22:00,840.50,840.50,840.50,840.50,1,840.50,0,1
2010-11-08  12:23:00,840.90,840.90,840.50,840.90,67,840.52,0,4
2010-11-08  12:24:00,840.55,840.70,840.30,840.55,66,840.545,0,11
2010-11-08  12:25:00,840.35,840.35,840.20,840.20,2,840.275,0,2
2010-11-08  12:26:00,840.25,840.25,838.05,838.05,57,839.005,0,11
2010-11-08  12:27:00,838.00,838.90,838.00,838.90,89,838.50,0,5
2010-11-08  12:28:00,838.05,838.10,838.05,838.10,30,838.05,0,3
2010-11-08  12:29:00,838.15,838.85,838.15,838.85,52,838.415,0,6
2010-11-08  12:30:00,838.60,839.75,838.55,838.65,56,838.80,0,6
2010-11-08  12:31:00,839.70,839.70,838.70,838.70,43,838.99,0,4
2010-11-08  12:32:00,839.45,839.45,838.70,838.70,145,838.725,0,6
2010-11-08  12:33:00,838.70,839.20,838.70,839.20,67,839.075,0,5
2010-11-08  12:34:00,839.20,839.70,838.60,839.70,84,839.24,0,7
2010-11-08  12:35:00,839.20,839.20,838.80,838.80,39,838.935,0,4
2010-11-08  12:36:00,838.60,838.65,838.60,838.60,153,838.605,0,9
2010-11-08  12:37:00,838.60,838.60,838.60,838.60,242,838.60,0,4
2010-11-08  12:38:00,838.60,838.65,838.10,838.35,71,838.145,0,6
2010-11-08  12:39:00,838.10,838.35,838.10,838.30,35,838.28,0,3
2010-11-08  12:40:00,838.20,838.30,838.00,838.00,72,838.185,0,5
2010-11-08  12:41:00,838.10,838.10,838.10,838.10,90,838.10,0,1
2010-11-08  12:42:00,838.20,839.00,838.20,839.00,114,838.525,0,6
2010-11-08  12:43:00,839.00,839.75,839.00,839.75,2,839.375,0,2
2010-11-08  12:44:00,839.00,839.00,839.00,839.00,40,839.00,0,1
2010-11-08  12:45:00,839.50,839.50,839.05,839.05,3,839.35,0,2
2010-11-08  12:46:00,839.10,840.45,839.00,840.45,189,839.195,0,15
2010-11-08  12:47:00,840.00,840.00,839.55,839.55,3,839.85,0,2
2010-11-08  12:48:00,839.55,839.95,839.15,839.95,38,839.50,0,5
2010-11-08  12:49:00,839.30,839.30,839.30,839.30,1,839.30,0,1
2010-11-08  12:50:00,839.15,839.35,839.10,839.30,135,839.18,0,8
2010-11-08  12:51:00,839.10,840.50,839.10,840.40,12,840.025,0,6
2010-11-08  12:52:00,839.30,840.00,839.10,840.00,26,839.24,0,10
2010-11-08  12:53:00,840.00,840.00,839.30,839.50,65,839.45,0,5
2010-11-08  12:54:00,839.50,839.50,839.15,839.45,65,839.25,0,6
2010-11-08  12:55:00,839.05,839.05,839.05,839.05,8,839.05,0,3
2010-11-08  12:56:00,839.05,839.45,839.05,839.45,47,839.065,0,4
2010-11-08  12:57:00,839.00,839.00,839.00,839.00,28,839.00,0,5
2010-11-08  12:58:00,839.00,839.00,838.30,838.40,109,838.665,0,7
2010-11-08  12:59:00,839.00,839.05,838.40,839.05,68,838.795,0,10
2010-11-08  13:00:00,839.05,839.05,839.05,839.05,14,839.05,0,1
2010-11-08  13:01:00,839.70,839.70,838.60,838.65,10,839.045,0,6
2010-11-08  13:02:00,838.65,838.65,838.40,838.50,87,838.49,0,5
2010-11-08  13:03:00,838.50,839.00,838.50,838.80,111,838.71,0,9
2010-11-08  13:04:00,839.05,839.90,839.05,839.90,60,839.105,0,4
2010-11-08  13:05:00,838.60,838.60,838.60,838.60,38,838.60,0,1
2010-11-08  13:06:00,839.50,839.75,839.50,839.75,117,839.66,0,11
2010-11-08  13:07:00,839.90,840.00,839.90,840.00,53,840.00,0,2
2010-11-08  13:08:00,839.65,840.45,839.65,840.45,63,839.93,0,5
2010-11-08  13:09:00,840.45,840.45,840.00,840.00,32,840.06,0,6
2010-11-08  13:10:00,839.15,839.95,839.15,839.50,82,839.37,0,8
2010-11-08  13:11:00,839.10,839.35,839.00,839.00,34,839.33,0,3
2010-11-08  13:12:00,838.50,839.00,838.50,839.00,115,838.875,0,6
2010-11-08  13:13:00,839.00,839.85,838.90,839.85,49,839.07,0,6
2010-11-08  13:14:00,838.75,839.85,838.50,839.00,74,838.765,0,5
2010-11-08  13:15:00,839.85,839.85,839.00,839.00,20,839.495,0,4
2010-11-08  13:16:00,839.00,839.85,838.90,839.00,38,839.01,0,6
2010-11-08  13:17:00,839.00,840.00,839.00,840.00,51,839.345,0,4
2010-11-08  13:18:00,840.00,840.70,840.00,840.50,82,840.02,0,8
2010-11-08  13:19:00,840.50,840.50,840.50,840.50,0,840.50,0,0
2010-11-08  13:20:00,840.50,840.50,840.00,840.00,164,840.26,0,4
2010-11-08  13:21:00,840.00,840.20,840.00,840.20,105,840.14,0,5
2010-11-08  13:22:00,840.20,840.20,840.00,840.00,228,840.00,0,4
2010-11-08  13:23:00,840.00,840.05,840.00,840.05,27,840.00,0,3
2010-11-08  13:24:00,840.05,840.70,840.00,840.00,97,840.03,0,7
2010-11-08  13:25:00,840.00,840.05,839.05,840.00,55,839.595,0,6
2010-11-08  13:26:00,839.90,840.70,839.30,840.70,77,839.61,0,4
2010-11-08  13:27:00,840.00,840.00,839.55,839.55,26,839.565,0,2
2010-11-08  13:28:00,839.55,839.55,838.50,839.00,135,838.885,0,5
2010-11-08  13:29:00,838.65,840.40,838.65,839.25,317,839.94,0,6
2010-11-08  13:30:00,840.00,840.65,840.00,840.00,47,840.205,0,5
2010-11-08  13:31:00,839.30,839.50,839.30,839.50,29,839.315,0,4
2010-11-08  13:32:00,840.30,841.00,839.10,841.00,42,839.79,0,5
2010-11-08  13:33:00,841.50,841.70,841.50,841.50,241,841.50,0,7
2010-11-08  13:34:00,841.50,841.50,840.60,840.60,16,840.715,0,3
2010-11-08  13:35:00,841.40,841.40,841.15,841.15,109,841.38,0,3
2010-11-08  13:36:00,841.10,841.10,840.60,840.95,73,840.83,0,5
2010-11-08  13:37:00,840.60,840.60,840.50,840.50,25,840.545,0,3
2010-11-08  13:38:00,840.50,840.55,840.50,840.55,190,840.50,0,4
2010-11-08  13:39:00,840.50,840.50,840.50,840.50,126,840.50,0,5
2010-11-08  13:40:00,840.50,840.50,839.25,839.25,50,839.38,0,7
2010-11-08  13:41:00,839.25,840.00,839.25,840.00,36,839.415,0,9
2010-11-08  13:42:00,839.25,839.40,839.25,839.35,44,839.305,0,4
2010-11-08  13:43:00,839.25,839.30,839.25,839.30,39,839.255,0,7
2010-11-08  13:44:00,839.05,840.00,839.00,840.00,131,839.49,0,6
2010-11-08  13:45:00,840.85,840.85,840.70,840.70,8,840.81,0,4
2010-11-08  13:46:00,840.80,841.00,840.00,841.00,198,840.83,0,6
2010-11-08  13:47:00,841.00,841.10,841.00,841.10,35,841.005,0,7
2010-11-08  13:48:00,841.00,841.00,841.00,841.00,60,841.00,0,2
2010-11-08  13:49:00,841.00,841.00,841.00,841.00,39,841.00,0,2
2010-11-08  13:50:00,841.00,841.10,841.00,841.10,386,841.01,0,7
2010-11-08  13:51:00,841.40,842.70,841.05,842.00,43,842.125,0,9
2010-11-08  13:52:00,843.00,844.00,843.00,843.00,123,843.065,0,8
2010-11-08  13:53:00,843.00,843.00,843.00,843.00,328,843.00,0,3
2010-11-08  13:54:00,843.15,843.15,843.15,843.15,68,843.15,0,4
2010-11-08  13:55:00,843.15,843.25,843.15,843.25,85,843.21,0,5
2010-11-08  13:56:00,843.15,843.15,841.60,841.60,48,841.85,0,4
2010-11-08  13:57:00,841.60,841.65,841.60,841.65,96,841.65,0,4
2010-11-08  13:58:00,842.70,842.70,841.50,841.65,157,841.66,0,9
2010-11-08  13:59:00,842.70,842.70,841.65,841.65,37,842.645,0,4
2010-11-08  14:00:00,841.60,842.40,841.60,842.40,18,841.70,0,3
2010-11-08  14:01:00,841.55,842.35,841.55,841.55,27,841.61,0,4
2010-11-08  14:02:00,841.55,841.90,841.55,841.55,158,841.56,0,8
2010-11-08  14:03:00,841.50,841.50,841.50,841.50,56,841.50,0,5
2010-11-08  14:04:00,841.50,841.60,841.50,841.60,570,841.505,0,6
2010-11-08  14:05:00,841.60,841.90,841.50,841.90,34,841.515,0,4
2010-11-08  14:06:00,841.50,841.50,840.25,840.30,200,841.41,0,11
2010-11-08  14:07:00,840.40,840.50,840.40,840.45,18,840.44,0,6
2010-11-08  14:08:00,841.25,842.00,841.25,842.00,119,841.435,0,5
2010-11-08  14:09:00,842.35,843.00,842.30,843.00,72,842.37,0,8
2010-11-08  14:10:00,842.50,842.50,841.15,841.25,79,841.975,0,6
2010-11-08  14:11:00,841.55,844.70,841.55,843.85,265,844.63,0,7
2010-11-08  14:12:00,843.80,847.10,843.80,846.70,453,845.765,0,18
2010-11-08  14:13:00,847.00,848.95,847.00,847.00,119,847.725,0,18
2010-11-08  14:14:00,846.35,847.50,846.35,846.35,21,847.335,0,4
2010-11-08  14:15:00,847.00,847.35,845.35,846.50,62,846.47,0,11
2010-11-08  14:16:00,846.70,846.70,842.40,842.40,82,842.985,0,10
2010-11-08  14:17:00,843.00,843.00,841.00,841.00,224,842.265,0,11
2010-11-08  14:18:00,841.15,843.85,841.15,843.70,89,842.09,0,16
2010-11-08  14:19:00,844.00,845.90,844.00,845.00,131,844.125,0,16
2010-11-08  14:20:00,844.00,844.75,844.00,844.75,234,844.005,0,7
2010-11-08  14:21:00,844.00,844.75,844.00,844.00,145,844.16,0,9
2010-11-08  14:22:00,844.00,844.10,844.00,844.00,129,844.005,0,14
2010-11-08  14:23:00,844.05,845.00,844.00,844.10,44,844.085,0,9
2010-11-08  14:24:00,844.00,844.90,844.00,844.05,116,844.06,0,6
2010-11-08  14:25:00,844.40,845.10,844.10,845.10,113,844.68,0,9
2010-11-08  14:26:00,846.00,846.00,844.50,845.70,140,844.845,0,7
2010-11-08  14:27:00,845.50,845.60,845.50,845.50,14,845.52,0,3
2010-11-08  14:28:00,845.90,845.90,844.20,844.25,174,844.59,0,4
2010-11-08  14:29:00,844.35,845.50,844.35,844.60,153,845.275,0,8
2010-11-08  14:30:00,844.60,845.00,844.20,844.75,98,844.435,0,7
2010-11-08  14:31:00,844.55,844.55,844.25,844.25,9,844.35,0,3
2010-11-08  14:32:00,844.35,845.20,844.35,844.85,128,844.41,0,5
2010-11-08  14:33:00,844.35,844.40,844.00,844.00,34,844.25,0,5
2010-11-08  14:34:00,844.25,844.25,843.00,843.05,119,843.99,0,6
2010-11-08  14:35:00,843.10,843.30,843.10,843.20,73,843.20,0,6
2010-11-08  14:36:00,843.30,843.30,843.10,843.10,154,843.20,0,11
2010-11-08  14:37:00,843.05,843.90,843.05,843.90,30,843.105,0,8
2010-11-08  14:38:00,842.10,842.35,841.30,841.90,86,841.685,0,6
2010-11-08  14:39:00,841.35,841.35,840.35,840.75,20,840.755,0,11
2010-11-08  14:40:00,841.05,842.70,841.05,842.70,138,841.11,0,9
2010-11-08  14:41:00,842.70,842.70,842.70,842.70,0,842.70,0,0
2010-11-08  14:42:00,841.55,841.55,841.00,841.10,44,841.15,0,5
2010-11-08  14:43:00,841.80,842.00,841.80,842.00,57,841.895,0,3
2010-11-08  14:44:00,842.70,842.70,841.00,841.00,87,842.34,0,7
2010-11-08  14:45:00,841.10,841.80,841.10,841.80,66,841.725,0,2
2010-11-08  14:46:00,841.00,842.40,841.00,842.40,68,841.185,0,2
2010-11-08  14:47:00,841.60,841.60,841.15,841.50,10,841.545,0,4
2010-11-08  14:48:00,842.30,842.30,841.15,841.15,62,841.185,0,5
2010-11-08  14:49:00,842.60,842.60,841.15,841.15,21,842.24,0,3
2010-11-08  14:50:00,841.00,841.00,840.70,840.70,101,840.98,0,8
2010-11-08  14:51:00,840.60,840.60,840.25,840.60,77,840.445,0,19
2010-11-08  14:52:00,840.60,841.00,840.20,841.00,87,840.54,0,7
2010-11-08  14:53:00,841.00,841.00,840.40,840.40,23,840.45,0,4
2010-11-08  14:54:00,840.40,841.85,840.40,841.85,108,840.57,0,3
2010-11-08  14:55:00,840.45,840.45,840.00,840.00,58,840.245,0,9
2010-11-08  14:56:00,839.25,839.25,838.55,839.25,120,838.66,0,10
2010-11-08  14:57:00,839.25,840.00,839.25,840.00,46,839.645,0,5
2010-11-08  14:58:00,840.05,840.70,839.20,839.20,122,839.38,0,7
2010-11-08  14:59:00,839.20,839.95,839.00,839.00,72,839.03,0,8
2010-11-08  15:00:00,838.60,839.00,838.10,838.40,227,838.395,0,10
2010-11-08  15:01:00,838.40,838.95,838.00,838.00,234,838.205,0,13
2010-11-08  15:02:00,838.15,839.70,838.15,839.70,378,838.205,0,17
2010-11-08  15:03:00,839.70,839.70,838.05,839.70,69,838.86,0,16
2010-11-08  15:04:00,839.60,839.60,837.25,837.60,152,837.37,0,8
2010-11-08  15:05:00,837.60,839.25,837.60,839.20,99,837.78,0,7
2010-11-08  15:06:00,838.00,838.60,835.45,835.70,211,837.16,0,15
2010-11-08  15:07:00,836.00,837.00,836.00,836.40,450,836.76,0,19
2010-11-08  15:08:00,837.00,837.00,835.35,836.00,296,835.485,0,8
2010-11-08  15:09:00,836.00,837.00,836.00,837.00,600,836.915,0,6
2010-11-08  15:10:00,837.05,838.70,835.35,838.70,442,837.895,0,8
2010-11-08  15:11:00,838.00,838.70,836.30,836.40,36,838.47,0,5
2010-11-08  15:12:00,836.40,837.90,835.25,837.45,134,835.33,0,6
2010-11-08  15:13:00,836.50,836.50,835.70,836.00,128,835.98,0,11
2010-11-08  15:14:00,836.45,837.45,835.65,835.65,185,835.86,0,14
2010-11-08  15:15:00,835.65,836.00,835.65,835.80,132,835.82,0,8
2010-11-08  15:16:00,835.05,836.80,835.05,836.80,132,836.185,0,7
2010-11-08  15:17:00,836.80,837.00,836.05,837.00,109,836.34,0,10
2010-11-08  15:18:00,837.00,837.90,836.05,837.90,407,836.265,0,10
2010-11-08  15:19:00,836.60,837.65,836.60,837.10,261,836.90,0,14
2010-11-08  15:20:00,837.70,837.85,837.05,837.85,290,837.255,0,17
2010-11-08  15:21:00,837.80,837.80,836.50,836.55,48,836.95,0,16
2010-11-08  15:22:00,836.90,836.90,835.30,835.30,345,835.495,0,15
2010-11-08  15:23:00,836.00,837.45,835.55,836.70,107,835.86,0,14
2010-11-08  15:24:00,836.00,836.70,835.50,836.00,202,835.79,0,16
2010-11-08  15:25:00,835.50,837.00,835.50,836.25,395,836.42,0,22
2010-11-08  15:26:00,836.25,837.90,836.25,836.25,451,836.86,0,16
2010-11-08  15:27:00,836.30,837.80,836.20,837.00,464,836.325,0,14
2010-11-08  15:28:00,837.00,837.90,836.30,837.70,259,836.725,0,24
2010-11-08  15:29:00,838.00,838.90,837.00,837.00,1250,838.085,0,19
2010-11-09  09:15:00,837.00,843.70,837.00,843.70,23,837.29,0,2
2010-11-09  09:16:00,843.70,843.70,843.70,843.70,0,843.70,0,0
2010-11-09  09:17:00,843.70,843.70,843.70,843.70,0,843.70,0,0
2010-11-09  09:18:00,839.50,839.50,839.50,839.50,1,839.50,0,1
2010-11-09  09:19:00,839.50,839.80,839.00,839.50,39,839.505,0,8
2010-11-09  09:20:00,839.50,839.80,838.25,839.80,145,839.295,0,10
2010-11-09  09:21:00,840.60,842.40,840.60,842.40,135,841.285,0,8
2010-11-09  09:22:00,842.40,842.40,842.00,842.00,110,842.365,0,3
2010-11-09  09:23:00,841.00,841.80,840.65,840.70,168,840.84,0,9
2010-11-09  09:24:00,841.80,842.60,841.80,842.35,109,841.985,0,6
2010-11-09  09:25:00,842.40,842.40,842.10,842.40,89,842.395,0,7
2010-11-09  09:26:00,842.40,842.40,841.10,841.10,64,842.015,0,5
2010-11-09  09:27:00,841.00,841.90,841.00,841.35,85,841.24,0,7
2010-11-09  09:28:00,841.10,841.85,841.10,841.80,431,841.44,0,9
2010-11-09  09:29:00,842.00,843.40,840.30,840.30,280,841.74,0,11
2010-11-09  09:30:00,842.00,842.70,842.00,842.70,35,842.20,0,2
2010-11-09  09:31:00,840.70,843.30,840.70,841.30,87,841.44,0,8
2010-11-09  09:32:00,842.70,842.85,842.70,842.85,19,842.77,0,4
2010-11-09  09:33:00,842.25,843.00,842.25,843.00,147,842.465,0,11
2010-11-09  09:34:00,842.25,843.00,842.25,843.00,76,842.565,0,4
2010-11-09  09:35:00,841.65,843.50,841.65,843.50,48,843.36,0,3
2010-11-09  09:36:00,842.50,844.00,842.50,844.00,37,843.245,0,4
2010-11-09  09:37:00,843.70,843.70,842.15,842.15,69,842.41,0,3
2010-11-09  09:38:00,842.15,843.40,842.15,843.40,82,842.635,0,6
2010-11-09  09:39:00,843.25,844.50,842.30,844.50,200,843.51,0,7
2010-11-09  09:40:00,844.50,844.75,843.30,843.30,90,843.87,0,8
2010-11-09  09:41:00,844.00,844.00,841.50,841.50,332,842.515,0,7
2010-11-09  09:42:00,842.25,842.60,841.50,842.40,89,841.935,0,6
2010-11-09  09:43:00,841.85,841.85,840.40,840.40,144,840.72,0,4
2010-11-09  09:44:00,841.70,841.70,840.40,840.40,82,840.84,0,8
2010-11-09  09:45:00,840.40,841.00,840.35,840.35,316,840.545,0,4
2010-11-09  09:46:00,840.45,840.70,840.45,840.70,182,840.47,0,7
2010-11-09  09:47:00,841.45,841.45,840.20,840.90,195,840.81,0,12
2010-11-09  09:48:00,840.30,840.90,840.25,840.65,303,840.655,0,7
2010-11-09  09:49:00,840.25,840.65,839.80,840.00,358,840.16,0,10
2010-11-09  09:50:00,840.40,840.40,840.10,840.20,102,840.23,0,4
2010-11-09  09:51:00,840.10,840.10,840.00,840.00,209,840.08,0,5
2010-11-09  09:52:00,840.05,840.40,840.00,840.00,66,840.02,0,8
2010-11-09  09:53:00,840.00,841.00,840.00,841.00,52,840.825,0,3
2010-11-09  09:54:00,840.00,840.00,840.00,840.00,187,840.00,0,4
2010-11-09  09:55:00,840.00,840.00,840.00,840.00,378,840.00,0,6
2010-11-09  09:56:00,840.00,840.00,839.55,839.55,130,839.585,0,3
2010-11-09  09:57:00,839.70,840.00,837.10,837.25,174,838.015,0,6
2010-11-09  09:58:00,838.80,839.70,838.10,839.70,452,838.98,0,11
2010-11-09  09:59:00,839.70,839.70,838.15,838.15,116,838.455,0,2
2010-11-09  10:00:00,838.15,840.00,838.15,840.00,127,839.855,0,5
2010-11-09  10:01:00,840.00,840.70,840.00,840.25,185,840.17,0,5
2010-11-09  10:02:00,840.25,840.25,840.25,840.25,122,840.25,0,4
2010-11-09  10:03:00,840.25,840.25,840.00,840.00,127,840.105,0,11
2010-11-09  10:04:00,839.70,840.70,839.70,840.00,53,840.24,0,6
2010-11-09  10:05:00,840.00,840.00,839.70,839.70,228,839.81,0,5
2010-11-09  10:06:00,839.65,839.65,838.50,838.50,65,838.865,0,5
2010-11-09  10:07:00,837.60,839.40,837.60,838.00,220,838.02,0,8
2010-11-09  10:08:00,838.85,839.00,838.85,839.00,123,838.855,0,2
2010-11-09  10:09:00,839.40,839.40,839.00,839.05,139,839.20,0,5
2010-11-09  10:10:00,839.30,839.90,839.30,839.30,120,839.31,0,8
2010-11-09  10:11:00,838.35,838.35,838.35,838.35,31,838.35,0,2
2010-11-09  10:12:00,838.35,838.40,838.00,838.00,98,838.14,0,7
2010-11-09  10:13:00,838.40,838.40,838.00,838.00,65,838.205,0,3
2010-11-09  10:14:00,839.65,839.65,838.05,839.05,133,839.285,0,6
2010-11-09  10:15:00,839.60,839.60,839.05,839.05,196,839.37,0,5
2010-11-09  10:16:00,839.05,839.10,839.05,839.05,100,839.085,0,5
2010-11-09  10:17:00,839.05,839.20,839.00,839.00,100,839.065,0,4
2010-11-09  10:18:00,839.05,839.05,839.00,839.05,183,839.005,0,7
2010-11-09  10:19:00,839.05,839.70,839.05,839.50,166,839.225,0,5
2010-11-09  10:20:00,839.50,839.90,839.20,839.90,133,839.675,0,5
2010-11-09  10:21:00,839.50,839.50,839.15,839.15,97,839.455,0,4
2010-11-09  10:22:00,839.35,839.50,839.35,839.50,172,839.45,0,2
2010-11-09  10:23:00,840.00,840.00,840.00,840.00,58,840.00,0,8
2010-11-09  10:24:00,840.00,840.00,839.80,840.00,119,839.985,0,8
2010-11-09  10:25:00,839.85,839.85,839.50,839.50,80,839.695,0,6
2010-11-09  10:26:00,839.50,839.50,839.00,839.00,96,839.485,0,6
2010-11-09  10:27:00,838.90,839.00,838.65,839.00,87,838.97,0,5
2010-11-09  10:28:00,839.00,839.00,839.00,839.00,31,839.00,0,2
2010-11-09  10:29:00,839.00,839.00,838.15,838.50,77,838.73,0,8
2010-11-09  10:30:00,839.00,839.70,838.50,838.50,108,839.115,0,8
2010-11-09  10:31:00,839.70,839.70,838.55,838.55,118,838.56,0,3
2010-11-09  10:32:00,839.70,839.70,838.60,838.60,94,838.865,0,4
2010-11-09  10:33:00,838.90,838.90,838.50,838.90,22,838.625,0,4
2010-11-09  10:34:00,838.55,838.90,838.55,838.55,22,838.565,0,3
2010-11-09  10:35:00,838.90,838.90,838.90,838.90,140,838.90,0,4
2010-11-09  10:36:00,839.35,839.35,838.35,838.35,193,838.525,0,5
2010-11-09  10:37:00,838.35,838.45,838.35,838.35,143,838.355,0,4
2010-11-09  10:38:00,838.50,838.50,838.30,838.30,216,838.40,0,5
2010-11-09  10:39:00,838.25,838.25,838.25,838.25,5,838.25,0,1
2010-11-09  10:40:00,838.50,838.55,838.50,838.55,191,838.515,0,6
2010-11-09  10:41:00,838.55,839.40,838.55,839.40,3,838.835,0,2
2010-11-09  10:42:00,838.95,839.00,838.95,839.00,106,838.95,0,2
2010-11-09  10:43:00,839.25,839.25,839.10,839.10,42,839.145,0,5
2010-11-09  10:44:00,839.10,839.10,839.00,839.00,109,839.015,0,2
2010-11-09  10:45:00,839.10,839.10,839.00,839.00,68,839.03,0,4
2010-11-09  10:46:00,839.00,839.10,839.00,839.05,162,839.035,0,7
2010-11-09  10:47:00,839.00,839.00,839.00,839.00,126,839.00,0,2
2010-11-09  10:48:00,839.05,839.05,839.00,839.00,102,839.015,0,10
2010-11-09  10:49:00,839.00,839.05,839.00,839.00,94,839.02,0,6
2010-11-09  10:50:00,839.00,839.05,838.55,838.55,34,838.925,0,6
2010-11-09  10:51:00,838.55,839.00,838.15,838.15,163,838.29,0,4
2010-11-09  10:52:00,838.15,838.35,838.00,838.00,151,838.135,0,6
2010-11-09  10:53:00,838.00,838.15,838.00,838.15,79,838.105,0,4
2010-11-09  10:54:00,838.15,838.50,838.05,838.50,93,838.155,0,6
2010-11-09  10:55:00,838.45,838.45,837.80,837.80,107,838.29,0,8
2010-11-09  10:56:00,837.60,839.70,837.60,839.70,167,838.33,0,4
2010-11-09  10:57:00,839.25,841.00,839.25,841.00,93,839.945,0,3
2010-11-09  10:58:00,840.80,840.80,839.40,839.40,315,839.92,0,4
2010-11-09  10:59:00,840.00,840.00,839.40,839.40,97,839.50,0,4
2010-11-09  11:00:00,839.50,839.55,838.30,838.30,7,839.185,0,5
2010-11-09  11:01:00,839.00,839.00,838.30,838.30,88,838.88,0,2
2010-11-09  11:02:00,838.35,838.35,838.30,838.30,91,838.335,0,5
2010-11-09  11:03:00,838.15,838.15,838.00,838.00,367,838.115,0,8
2010-11-09  11:04:00,838.10,838.10,837.55,837.55,85,838.075,0,8
2010-11-09  11:05:00,837.55,837.95,837.55,837.80,117,837.815,0,5
2010-11-09  11:06:00,837.95,837.95,837.95,837.95,53,837.95,0,2
2010-11-09  11:07:00,838.05,838.95,838.00,838.00,131,838.34,0,5
2010-11-09  11:08:00,838.85,838.85,838.05,838.05,54,838.525,0,3
2010-11-09  11:09:00,838.15,838.15,838.15,838.15,117,838.15,0,1
2010-11-09  11:10:00,838.30,838.30,838.15,838.15,32,838.23,0,4
2010-11-09  11:11:00,838.15,838.20,838.00,838.00,115,838.11,0,6
2010-11-09  11:12:00,838.05,838.10,837.35,838.10,617,838.025,0,8
2010-11-09  11:13:00,838.10,838.70,838.10,838.10,180,838.12,0,6
2010-11-09  11:14:00,838.70,838.70,838.10,838.25,165,838.15,0,6
2010-11-09  11:15:00,838.25,838.25,838.25,838.25,105,838.25,0,1
2010-11-09  11:16:00,838.30,838.30,838.25,838.25,111,838.275,0,3
2010-11-09  11:17:00,838.25,838.25,837.00,837.00,200,837.58,0,11
2010-11-09  11:18:00,837.00,837.00,835.85,835.85,49,835.965,0,7
2010-11-09  11:19:00,835.60,836.70,835.60,835.65,127,835.76,0,8
2010-11-09  11:20:00,835.60,835.60,833.35,834.00,357,834.19,0,14
2010-11-09  11:21:00,834.10,836.00,834.10,836.00,119,835.66,0,12
2010-11-09  11:22:00,835.15,836.40,835.15,835.35,39,835.475,0,4
2010-11-09  11:23:00,835.35,835.60,835.35,835.60,11,835.555,0,3
2010-11-09  11:24:00,836.40,836.40,835.65,835.65,72,835.82,0,3
2010-11-09  11:25:00,835.65,836.30,835.65,835.65,71,835.745,0,10
2010-11-09  11:26:00,835.50,835.70,835.50,835.50,166,835.60,0,5
2010-11-09  11:27:00,835.50,835.50,835.35,835.35,78,835.365,0,9
2010-11-09  11:28:00,835.30,835.40,835.25,835.30,152,835.345,0,7
2010-11-09  11:29:00,835.40,835.40,835.20,835.20,45,835.30,0,4
2010-11-09  11:30:00,835.00,835.00,834.10,834.15,257,834.47,0,7
2010-11-09  11:31:00,834.20,834.45,834.20,834.45,170,834.33,0,8
2010-11-09  11:32:00,835.00,835.75,834.50,835.75,56,834.83,0,5
2010-11-09  11:33:00,835.75,836.00,835.05,835.05,112,835.49,0,7
2010-11-09  11:34:00,835.10,835.20,835.00,835.00,19,835.095,0,4
2010-11-09  11:35:00,835.00,835.00,834.15,834.20,205,834.22,0,6
2010-11-09  11:36:00,834.15,835.00,834.00,835.00,142,834.125,0,6
2010-11-09  11:37:00,835.00,835.00,834.30,834.30,81,834.785,0,8
2010-11-09  11:38:00,834.30,835.00,834.00,835.00,239,834.355,0,10
2010-11-09  11:39:00,835.00,835.70,834.10,834.10,261,835.00,0,11
2010-11-09  11:40:00,834.80,834.90,834.10,834.90,158,834.225,0,10
2010-11-09  11:41:00,834.90,834.90,834.10,834.90,50,834.63,0,6
2010-11-09  11:42:00,834.85,834.85,834.00,834.00,106,834.03,0,4
2010-11-09  11:43:00,834.85,834.85,834.00,834.75,82,834.065,0,7
2010-11-09  11:44:00,834.75,834.75,834.00,834.00,145,834.28,0,8
2010-11-09  11:45:00,834.00,834.00,834.00,834.00,126,834.00,0,7
2010-11-09  11:46:00,834.00,834.05,834.00,834.00,9,834.035,0,4
2010-11-09  11:47:00,834.15,835.90,834.00,835.00,40,835.125,0,9
2010-11-09  11:48:00,835.00,839.65,835.00,837.00,425,837.60,0,16
2010-11-09  11:49:00,837.00,837.00,836.45,836.50,72,836.57,0,10
2010-11-09  11:50:00,836.50,837.00,835.60,835.65,138,836.09,0,8
2010-11-09  11:51:00,836.05,836.05,835.65,835.65,40,835.925,0,4
2010-11-09  11:52:00,835.65,835.65,835.00,835.05,100,835.085,0,10
2010-11-09  11:53:00,835.10,838.90,835.00,836.70,804,836.745,0,14
2010-11-09  11:54:00,836.65,838.00,835.35,835.35,93,836.72,0,15
2010-11-09  11:55:00,835.50,836.60,835.50,835.55,274,835.635,0,8
2010-11-09  11:56:00,835.55,836.50,835.35,835.35,64,835.585,0,6
2010-11-09  11:57:00,835.35,836.35,834.25,834.25,89,835.18,0,10
2010-11-09  11:58:00,834.05,836.40,834.05,835.00,341,834.595,0,11
2010-11-09  11:59:00,835.90,835.90,834.15,834.15,227,835.27,0,11
2010-11-09  12:00:00,834.15,834.80,834.05,834.05,159,834.10,0,5
2010-11-09  12:01:00,834.05,834.15,834.05,834.15,179,834.125,0,4
2010-11-09  12:02:00,834.15,835.50,834.15,835.00,127,834.305,0,10
2010-11-09  12:03:00,834.00,834.90,834.00,834.35,132,834.275,0,9
2010-11-09  12:04:00,834.00,835.45,834.00,835.45,237,835.115,0,4
2010-11-09  12:05:00,834.10,835.35,834.05,834.05,52,834.22,0,5
2010-11-09  12:06:00,834.00,835.30,834.00,834.00,126,834.02,0,5
2010-11-09  12:07:00,834.00,835.15,834.00,835.00,35,834.905,0,4
2010-11-09  12:08:00,833.50,833.50,833.30,833.30,230,833.33,0,7
2010-11-09  12:09:00,833.15,833.70,833.15,833.30,149,833.375,0,5
2010-11-09  12:10:00,833.30,835.70,833.30,834.90,192,834.06,0,10
2010-11-09  12:11:00,833.30,834.80,833.30,834.60,134,833.375,0,9
2010-11-09  12:12:00,833.40,834.50,833.20,834.25,197,833.525,0,7
2010-11-09  12:13:00,833.20,833.30,833.20,833.20,175,833.225,0,5
2010-11-09  12:14:00,833.00,834.70,833.00,834.70,71,833.04,0,6
2010-11-09  12:15:00,834.00,834.00,833.00,833.00,24,833.125,0,5
2010-11-09  12:16:00,832.45,833.50,832.45,833.50,279,832.955,0,8
2010-11-09  12:17:00,833.00,834.40,833.00,834.20,183,833.455,0,10
2010-11-09  12:18:00,833.50,834.20,833.50,834.20,80,833.965,0,6
2010-11-09  12:19:00,834.00,834.95,834.00,834.20,12,834.39,0,7
2010-11-09  12:20:00,834.20,834.20,834.20,834.20,21,834.20,0,2
2010-11-09  12:21:00,834.05,834.50,834.05,834.10,84,834.225,0,8
2010-11-09  12:22:00,834.10,834.15,834.00,834.00,110,834.105,0,6
2010-11-09  12:23:00,834.00,834.00,833.50,833.50,93,833.71,0,3
2010-11-09  12:24:00,833.10,834.00,833.10,834.00,65,833.625,0,9
2010-11-09  12:25:00,834.00,834.55,833.05,834.55,177,833.915,0,7
2010-11-09  12:26:00,833.15,834.55,833.15,834.50,69,833.645,0,12
2010-11-09  12:27:00,834.00,834.80,833.35,833.35,149,833.985,0,10
2010-11-09  12:28:00,833.50,834.45,833.50,834.45,196,833.965,0,6
2010-11-09  12:29:00,834.75,834.75,834.00,834.00,176,834.195,0,7
2010-11-09  12:30:00,834.00,834.00,833.30,834.00,159,833.88,0,10
2010-11-09  12:31:00,834.00,834.10,834.00,834.00,144,834.025,0,6
2010-11-09  12:32:00,834.00,834.00,833.25,833.25,184,833.61,0,5
2010-11-09  12:33:00,832.35,833.75,832.35,833.75,131,832.585,0,4
2010-11-09  12:34:00,832.60,833.40,832.60,832.65,60,832.75,0,9
2010-11-09  12:35:00,832.60,833.50,832.60,833.45,229,833.085,0,7
2010-11-09  12:36:00,833.00,833.45,833.00,833.00,97,833.045,0,8
2010-11-09  12:37:00,833.00,833.50,833.00,833.50,76,833.215,0,4
2010-11-09  12:38:00,833.10,834.00,833.10,834.00,133,833.50,0,3
2010-11-09  12:39:00,834.00,834.45,834.00,834.00,180,834.105,0,6
2010-11-09  12:40:00,834.00,834.40,834.00,834.05,134,834.03,0,8
2010-11-09  12:41:00,834.10,835.80,834.10,835.10,321,834.96,0,9
2010-11-09  12:42:00,835.00,835.65,834.35,834.40,196,834.805,0,7
2010-11-09  12:43:00,834.55,835.40,834.55,834.65,219,834.89,0,8
2010-11-09  12:44:00,834.25,834.30,834.15,834.15,174,834.16,0,6
2010-11-09  12:45:00,834.15,834.15,834.10,834.10,205,834.145,0,13
2010-11-09  12:46:00,834.10,834.15,833.25,833.25,122,833.985,0,8
2010-11-09  12:47:00,833.25,834.75,833.25,833.40,201,833.535,0,6
2010-11-09  12:48:00,833.00,833.00,832.65,832.75,162,832.82,0,7
2010-11-09  12:49:00,832.65,833.90,832.65,833.90,45,832.685,0,3
2010-11-09  12:50:00,833.00,833.85,832.55,832.70,141,832.925,0,6
2010-11-09  12:51:00,833.00,833.70,833.00,833.05,214,833.165,0,12
2010-11-09  12:52:00,833.05,833.25,833.05,833.25,87,833.14,0,6
2010-11-09  12:53:00,833.20,833.25,833.15,833.15,126,833.225,0,7
2010-11-09  12:54:00,833.15,833.15,833.00,833.00,193,833.04,0,4
2010-11-09  12:55:00,833.00,833.00,832.50,832.95,139,832.91,0,5
2010-11-09  12:56:00,832.25,833.00,832.25,833.00,112,832.36,0,8
2010-11-09  12:57:00,833.90,833.90,832.60,832.80,106,832.87,0,7
2010-11-09  12:58:00,833.00,833.70,833.00,833.45,172,833.435,0,6
2010-11-09  12:59:00,833.10,833.45,833.10,833.30,161,833.25,0,4
2010-11-09  13:00:00,833.35,834.00,833.35,833.85,356,833.76,0,8
2010-11-09  13:01:00,833.15,833.85,833.00,833.00,135,833.495,0,6
2010-11-09  13:02:00,833.00,833.80,833.00,833.15,139,833.48,0,4
2010-11-09  13:03:00,832.50,833.00,832.50,833.00,156,832.995,0,4
2010-11-09  13:04:00,833.00,833.05,831.80,831.80,212,832.545,0,13
2010-11-09  13:05:00,831.10,831.70,831.00,831.00,53,831.195,0,7
2010-11-09  13:06:00,831.05,831.05,830.25,830.35,100,830.53,0,11
2010-11-09  13:07:00,830.10,830.60,830.10,830.60,84,830.34,0,5
2010-11-09  13:08:00,830.55,831.95,830.55,831.40,190,830.915,0,6
2010-11-09  13:09:00,831.00,831.40,830.50,830.50,281,830.905,0,8
2010-11-09  13:10:00,830.55,830.60,830.55,830.60,183,830.585,0,5
2010-11-09  13:11:00,830.55,831.90,830.55,831.15,107,831.65,0,8
2010-11-09  13:12:00,831.05,831.40,831.05,831.05,156,831.275,0,5
2010-11-09  13:13:00,831.00,831.40,831.00,831.30,120,831.24,0,9
2010-11-09  13:14:00,831.15,831.30,830.70,830.70,131,831.07,0,6
2010-11-09  13:15:00,830.70,831.00,830.50,830.50,170,830.67,0,12
2010-11-09  13:16:00,830.40,830.40,829.40,830.05,161,830.115,0,11
2010-11-09  13:17:00,829.35,829.35,829.25,829.30,163,829.30,0,4
2010-11-09  13:18:00,829.05,829.40,829.05,829.35,93,829.175,0,7
2010-11-09  13:19:00,829.40,830.00,829.35,830.00,312,829.895,0,9
2010-11-09  13:20:00,830.00,830.35,830.00,830.00,187,830.145,0,8
2010-11-09  13:21:00,830.00,830.00,829.00,829.95,66,829.745,0,5
2010-11-09  13:22:00,828.85,829.85,828.35,828.35,210,828.69,0,10
2010-11-09  13:23:00,828.50,828.85,828.35,828.35,155,828.48,0,6
2010-11-09  13:24:00,829.70,829.70,828.50,828.60,102,828.86,0,10
2010-11-09  13:25:00,828.35,829.25,828.35,828.40,123,828.565,0,10
2010-11-09  13:26:00,829.15,830.70,829.15,830.70,95,830.625,0,5
2010-11-09  13:27:00,830.70,830.70,830.10,830.10,114,830.415,0,9
2010-11-09  13:28:00,830.00,830.10,829.95,829.95,263,830.045,0,9
2010-11-09  13:29:00,829.35,829.95,829.15,829.50,115,829.595,0,9
2010-11-09  13:30:00,829.25,829.55,829.15,829.55,335,829.285,0,6
2010-11-09  13:31:00,829.55,829.90,829.55,829.90,165,829.805,0,8
2010-11-09  13:32:00,829.60,830.00,829.55,829.55,160,829.60,0,13
2010-11-09  13:33:00,829.15,829.90,829.00,829.00,549,829.095,0,10
2010-11-09  13:34:00,828.80,829.70,828.40,829.70,148,828.96,0,6
2010-11-09  13:35:00,829.65,829.65,829.00,829.60,159,829.145,0,10
2010-11-09  13:36:00,828.50,829.40,828.40,828.40,151,828.54,0,10
2010-11-09  13:37:00,828.95,828.95,828.50,828.50,190,828.575,0,14
2010-11-09  13:38:00,828.40,829.40,828.40,829.05,127,828.82,0,5
2010-11-09  13:39:00,829.10,830.70,829.10,830.50,185,829.275,0,13
2010-11-09  13:40:00,829.50,830.45,829.50,829.50,126,829.57,0,9
2010-11-09  13:41:00,828.35,829.65,828.35,828.40,177,828.40,0,5
2010-11-09  13:42:00,828.15,829.50,828.15,829.45,239,828.98,0,11
2010-11-09  13:43:00,828.25,829.00,828.20,828.20,184,828.345,0,10
2010-11-09  13:44:00,828.20,828.95,828.20,828.65,189,828.375,0,10
2010-11-09  13:45:00,829.00,829.50,829.00,829.50,210,829.03,0,5
2010-11-09  13:46:00,829.00,829.50,829.00,829.00,273,829.02,0,8
2010-11-09  13:47:00,829.00,829.45,829.00,829.00,171,829.03,0,6
2010-11-09  13:48:00,829.00,829.20,828.30,829.10,226,828.65,0,7
2010-11-09  13:49:00,829.00,829.70,829.00,829.70,177,829.06,0,9
2010-11-09  13:50:00,829.10,829.70,828.30,828.30,124,828.78,0,14
2010-11-09  13:51:00,828.30,828.30,828.25,828.30,169,828.255,0,10
2010-11-09  13:52:00,829.35,829.35,828.10,829.10,216,828.925,0,12
2010-11-09  13:53:00,828.10,829.10,828.10,828.10,76,828.33,0,12
2010-11-09  13:54:00,828.10,828.90,828.00,828.05,95,828.155,0,18
2010-11-09  13:55:00,828.00,829.45,828.00,829.20,90,828.31,0,8
2010-11-09  13:56:00,829.15,829.15,828.00,828.00,31,828.125,0,14
2010-11-09  13:57:00,828.95,828.95,828.00,828.00,59,828.65,0,9
2010-11-09  13:58:00,828.00,828.80,828.00,828.05,120,828.175,0,19
2010-11-09  13:59:00,828.00,829.95,828.00,829.15,505,828.775,0,17
2010-11-09  14:00:00,829.10,829.70,829.00,829.00,83,829.21,0,6
2010-11-09  14:01:00,829.00,829.70,829.00,829.10,131,829.13,0,15
2010-11-09  14:02:00,828.80,830.85,828.25,830.00,448,829.685,0,20
2010-11-09  14:03:00,830.00,830.75,830.00,830.00,171,830.27,0,9
2010-11-09  14:04:00,830.00,830.85,830.00,830.45,145,830.435,0,11
2010-11-09  14:05:00,831.00,831.70,831.00,831.00,227,831.495,0,20
2010-11-09  14:06:00,830.35,831.70,828.50,829.85,266,830.025,0,20
2010-11-09  14:07:00,829.85,831.70,829.35,829.65,211,829.98,0,11
2010-11-09  14:08:00,830.65,830.65,829.70,830.00,83,830.00,0,11
2010-11-09  14:09:00,829.25,830.60,829.25,829.45,81,829.67,0,16
2010-11-09  14:10:00,829.50,830.45,829.50,830.25,137,829.90,0,13
2010-11-09  14:11:00,829.70,831.50,829.70,830.00,65,829.86,0,7
2010-11-09  14:12:00,830.50,831.85,830.50,831.85,85,830.875,0,11
2010-11-09  14:13:00,830.30,832.95,830.30,832.95,206,831.96,0,19
2010-11-09  14:14:00,833.65,833.80,832.10,832.65,563,832.755,0,17
2010-11-09  14:15:00,831.25,833.40,830.65,833.00,75,831.935,0,4
2010-11-09  14:16:00,831.15,832.50,830.60,832.50,236,831.00,0,19
2010-11-09  14:17:00,831.85,831.85,831.10,831.10,80,831.12,0,4
2010-11-09  14:18:00,830.40,831.80,830.40,831.75,54,830.915,0,12
2010-11-09  14:19:00,831.75,832.70,830.50,830.50,134,831.285,0,8
2010-11-09  14:20:00,830.40,831.65,830.10,830.10,175,830.44,0,15
2010-11-09  14:21:00,830.90,830.90,830.00,830.25,356,830.10,0,19
2010-11-09  14:22:00,830.25,831.65,830.25,830.25,138,830.855,0,5
2010-11-09  14:23:00,830.30,830.30,830.30,830.30,58,830.30,0,2
2010-11-09  14:24:00,830.30,831.60,829.35,829.60,152,829.955,0,12
2010-11-09  14:25:00,830.10,830.90,829.35,830.00,544,830.155,0,15
2010-11-09  14:26:00,830.70,830.70,830.05,830.05,70,830.065,0,14
2010-11-09  14:27:00,830.05,830.25,830.05,830.05,161,830.085,0,7
2010-11-09  14:28:00,830.10,830.95,830.05,830.10,138,830.165,0,8
2010-11-09  14:29:00,830.15,830.35,830.15,830.15,108,830.175,0,7
2010-11-09  14:30:00,830.85,831.05,830.85,831.05,135,830.945,0,5
2010-11-09  14:31:00,831.05,832.40,831.05,831.05,139,831.325,0,6
2010-11-09  14:32:00,831.05,832.70,831.05,831.15,207,831.805,0,9
2010-11-09  14:33:00,831.10,831.10,830.45,830.50,20,831.035,0,4
2010-11-09  14:34:00,831.00,832.35,831.00,831.50,172,831.375,0,6
2010-11-09  14:35:00,831.50,832.70,830.75,832.45,349,831.725,0,12
2010-11-09  14:36:00,831.50,832.40,831.50,831.50,88,831.56,0,11
2010-11-09  14:37:00,831.50,831.95,831.00,831.00,293,831.375,0,16
2010-11-09  14:38:00,831.00,831.05,831.00,831.00,78,831.01,0,5
2010-11-09  14:39:00,831.00,831.45,830.35,831.00,90,830.90,0,10
2010-11-09  14:40:00,830.50,831.05,830.50,830.65,160,830.80,0,8
2010-11-09  14:41:00,830.55,830.55,830.55,830.55,83,830.55,0,4
2010-11-09  14:42:00,830.55,830.55,830.50,830.55,218,830.535,0,8
2010-11-09  14:43:00,830.50,830.55,829.00,829.50,518,829.595,0,15
2010-11-09  14:44:00,829.50,830.65,829.50,830.00,161,829.89,0,8
2010-11-09  14:45:00,829.50,830.70,829.50,829.75,98,830.02,0,7
2010-11-09  14:46:00,829.75,830.70,829.75,830.05,176,829.925,0,12
2010-11-09  14:47:00,830.05,830.15,830.00,830.00,111,830.065,0,7
2010-11-09  14:48:00,829.50,830.05,829.50,829.50,69,829.555,0,10
2010-11-09  14:49:00,829.55,830.85,829.55,830.85,81,829.59,0,6
2010-11-09  14:50:00,829.55,830.10,829.55,830.10,182,829.755,0,7
2010-11-09  14:51:00,830.00,830.00,829.60,829.60,126,829.695,0,7
2010-11-09  14:52:00,829.60,830.65,829.60,830.00,82,829.795,0,12
2010-11-09  14:53:00,830.00,830.65,830.00,830.20,676,830.00,0,10
2010-11-09  14:54:00,830.00,830.65,830.00,830.05,85,830.04,0,10
2010-11-09  14:55:00,830.05,830.15,829.65,830.15,400,830.005,0,14
2010-11-09  14:56:00,830.10,832.70,830.10,830.80,477,831.82,0,14
2010-11-09  14:57:00,833.00,833.35,831.00,831.30,493,832.175,0,12
2010-11-09  14:58:00,831.00,832.30,830.40,830.40,121,831.205,0,13
2010-11-09  14:59:00,830.30,831.90,830.00,830.00,509,830.105,0,14
2010-11-09  15:00:00,829.00,829.75,829.00,829.10,195,829.375,0,9
2010-11-09  15:01:00,829.00,830.00,829.00,830.00,609,829.89,0,7
2010-11-09  15:02:00,829.70,830.00,829.70,830.00,654,829.95,0,10
2010-11-09  15:03:00,829.80,830.00,829.50,829.50,249,829.715,0,13
2010-11-09  15:04:00,829.50,829.85,829.00,829.50,365,829.615,0,9
2010-11-09  15:05:00,830.70,830.70,829.50,829.50,120,830.24,0,7
2010-11-09  15:06:00,829.50,829.50,829.50,829.50,77,829.50,0,3
2010-11-09  15:07:00,829.50,830.65,829.50,830.00,248,830.01,0,8
2010-11-09  15:08:00,830.00,831.00,830.00,830.05,105,830.04,0,3
2010-11-09  15:09:00,830.10,830.85,830.00,830.25,308,830.54,0,9
2010-11-09  15:10:00,830.25,830.90,830.25,830.30,135,830.43,0,6
2010-11-09  15:11:00,830.30,830.30,830.00,830.05,135,830.115,0,8
2010-11-09  15:12:00,830.25,830.70,829.25,829.25,101,830.215,0,7
2010-11-09  15:13:00,829.25,829.30,829.25,829.30,107,829.275,0,6
2010-11-09  15:14:00,828.60,830.60,828.55,830.50,460,829.815,0,11
2010-11-09  15:15:00,830.00,830.70,829.70,829.70,258,829.97,0,7
2010-11-09  15:16:00,830.00,830.90,829.55,830.90,362,830.04,0,10
2010-11-09  15:17:00,830.70,830.90,830.00,830.00,104,830.43,0,8
2010-11-09  15:18:00,830.00,830.40,830.00,830.00,49,830.01,0,13
2010-11-09  15:19:00,830.35,830.85,829.95,829.95,65,830.08,0,12
2010-11-09  15:20:00,829.35,830.60,828.80,830.30,665,829.445,0,13
2010-11-09  15:21:00,829.05,830.50,828.65,830.50,316,829.92,0,11
2010-11-09  15:22:00,830.45,830.45,829.00,829.95,60,829.70,0,11
2010-11-09  15:23:00,829.05,829.95,828.85,828.85,289,829.67,0,9
2010-11-09  15:24:00,829.75,829.75,829.00,829.05,406,829.475,0,8
2010-11-09  15:25:00,829.05,830.00,829.00,829.00,510,829.09,0,13
2010-11-09  15:26:00,829.00,829.15,829.00,829.15,142,829.07,0,14
2010-11-09  15:27:00,829.15,829.75,829.05,829.05,157,829.16,0,11
2010-11-09  15:28:00,829.80,830.10,829.05,830.10,642,829.53,0,20
2010-11-09  15:29:00,830.15,831.00,830.05,830.80,244,830.57,0,15
